date,open,high,low,close,volume
2018-01-02,91.5458,92.1346,91.0677,91.5162,27109882
2018-01-03,91.4777,92.0124,90.8360,91.5273,23269484
2018-01-04,91.4574,92.3674,91.0279,91.5364,15683199
2018-01-05,91.7996,92.5275,90.7179,91.5462,33888773
2018-01-08,91.4705,92.3917,90.7874,91.5549,31570635
2018-01-09,91.4019,91.9713,91.0015,91.5581,18365123
2018-01-10,91.5350,92.0973,90.6720,91.5620,24174384
2018-01-11,91.5898,92.3461,90.8901,91.5757,20093800
2018-01-12,91.3161,92.2393,90.6811,91.5831,14643066
2018-01-15,91.6217,92.4005,90.8877,91.5908,42407662
2018-01-16,91.4931,92.2436,90.9644,91.5934,10213824
2018-01-17,91.7137,92.1334,91.0583,91.5979,11754474
2018-01-18,91.5543,91.9952,91.0650,91.6057,20946476
2018-01-19,91.7166,92.2221,90.8395,91.6142,21151026
2018-01-22,91.5951,92.0272,90.7539,91.6204,46123437
2018-01-23,91.6286,92.0315,90.7787,91.6229,33203605
2018-01-24,91.6261,92.4511,91.1200,91.6383,42828772
2018-01-25,91.4815,92.3767,91.0351,91.6494,28609671
2018-01-26,91.7253,92.3945,90.8589,91.6585,26818579
2018-01-29,91.5641,92.2132,90.8833,91.6684,23579410
2018-01-30,91.7884,92.2796,90.8720,91.6697,45179682
2018-01-31,91.4219,92.3050,90.7276,91.6765,49570260
2018-02-01,91.9855,92.5723,91.2875,91.6818,30394760
2018-02-02,91.8073,92.6407,91.1667,91.6816,48536643
2018-02-05,91.9161,92.3924,91.1311,91.6953,25157098
2018-02-06,91.7061,92.1167,91.1478,91.7019,21563466
2018-02-07,91.4533,92.3861,90.9329,91.7049,45563024
2018-02-08,91.5985,92.5689,91.2231,91.7188,29177641
2018-02-09,91.6248,92.1274,91.0733,91.7272,20500337
2018-02-12,91.5612,92.2119,90.9018,91.7269,10597069
2018-02-13,91.9285,92.7575,91.3638,91.7336,22929768
2018-02-14,91.7829,92.5343,91.0348,91.7414,22127652
2018-02-15,91.6254,92.3328,90.7480,91.7539,10644449
2018-02-16,91.8817,92.7230,90.9089,91.7705,42624129
2018-02-19,91.5080,92.3610,90.7869,91.7661,34955510
2018-02-20,91.8800,92.4839,91.1184,91.7841,39727594
2018-02-21,91.6209,92.3993,91.0902,91.7943,15875429
2018-02-22,91.5729,92.6247,90.8560,91.8111,46795914
2018-02-23,91.9745,92.7487,91.1172,91.8179,10767050
2018-02-26,91.7461,92.6994,91.3075,91.8228,18825287
2018-02-27,91.7448,92.4870,91.2529,91.8306,43056143
2018-02-28,91.7387,92.2788,90.9037,91.8356,46165806
2018-03-01,91.9266,92.6971,91.0228,91.8474,22014368
2018-03-02,91.9158,92.3794,91.4880,91.8560,33426716
2018-03-05,91.8129,92.6329,91.0167,91.8671,20124997
2018-03-06,91.9730,92.5435,91.3058,91.8790,34212528
2018-03-07,91.7451,92.6456,91.0502,91.8850,28388886
2018-03-08,91.9198,92.3132,91.3867,91.8945,30500963
2018-03-09,91.6879,92.4462,90.7807,91.9023,47461750
2018-03-12,91.8091,92.7570,91.3722,91.9090,29222461
2018-03-13,91.8120,92.6196,91.4228,91.9213,42862175
2018-03-14,91.9829,92.8411,91.2337,91.9295,27859145
2018-03-15,91.8697,92.4964,91.3664,91.9395,37383254
2018-03-16,92.0268,92.9057,91.4646,91.9424,43233051
2018-03-19,92.0297,92.7288,91.4607,91.9515,47667554
2018-03-20,91.9502,92.4977,91.0839,91.9544,48735694
2018-03-21,91.9465,92.7704,91.1908,91.9623,40874384
2018-03-22,91.7147,92.7307,90.9298,91.9758,16612155
2018-03-23,91.9947,92.7293,91.1577,91.9729,43141587
2018-03-26,91.7294,92.4189,90.8374,91.9802,12436410
2018-03-27,92.1461,92.7953,91.1939,91.9862,27856831
2018-03-28,92.1790,92.6214,91.2401,91.9940,25180425
2018-03-29,92.2404,92.8049,91.5297,91.9976,20644810
2018-03-30,92.1001,92.5324,91.5199,92.0090,13539102
2018-04-02,91.8303,92.8140,90.9377,92.0189,13287145
2018-04-03,92.1223,92.6017,91.4438,92.0228,48167484
2018-04-04,92.0367,92.5830,91.3674,92.0271,33221014
2018-04-05,91.9033,92.4147,91.5033,92.0365,33140429
2018-04-06,91.9897,92.6099,91.5341,92.0434,40508535
2018-04-09,91.8702,92.8725,91.0393,92.0509,19572027
2018-04-10,91.8712,92.6909,91.0248,92.0587,34067456
2018-04-11,92.0511,92.8744,91.4724,92.0669,29214030
2018-04-12,91.8730,92.4947,91.1306,92.0715,18310386
2018-04-13,92.4173,92.8203,91.3456,92.0779,11298659
2018-04-16,92.1096,92.9267,91.4154,92.0852,35951018
2018-04-17,92.2680,92.8008,91.4064,92.0965,10758086
2018-04-18,92.1006,92.4844,91.1898,92.1004,47492364
2018-04-19,92.1003,92.6086,91.2452,92.1046,10002839
2018-04-20,92.1744,92.9058,91.2681,92.1115,35039587
2018-04-23,92.0067,92.8698,91.2511,92.1162,15937852
2018-04-24,91.9704,93.0406,91.1619,92.1209,21139423
2018-04-25,92.2713,92.9218,91.4138,92.1276,39859732
2018-04-26,92.1798,92.7747,91.6706,92.1343,43169030
2018-04-27,92.3591,92.8823,91.6780,92.1446,14853055
2018-04-30,92.0866,92.8978,91.2622,92.1561,14219220
2018-05-01,92.4112,92.8199,91.3474,92.1636,30229699
2018-05-02,92.2804,92.9238,91.3828,92.1740,49074328
2018-05-03,92.1265,93.0593,91.2935,92.1827,34516789
2018-05-04,92.4062,93.0678,91.8002,92.1936,19469854
2018-05-07,92.3875,92.8837,91.5838,92.1951,19944349
2018-05-08,92.0497,93.0422,91.4732,92.2035,35921162
2018-05-09,92.2056,92.7191,91.6372,92.2036,19630999
2018-05-10,92.3617,92.8469,91.7332,92.2071,12009689
2018-05-11,92.2065,92.9491,91.4265,92.2063,44798372
2018-05-14,92.1067,92.7691,91.6958,92.2209,17337942
2018-05-15,92.3546,93.2380,91.5549,92.2401,39618328
2018-05-16,92.2946,92.8327,91.8240,92.2492,25117706
2018-05-17,92.0811,93.1109,91.4761,92.2607,43402203
2018-05-18,92.2628,92.9422,91.7928,92.2721,18555182
2018-05-21,92.0917,92.9399,91.3081,92.2749,20135189
2018-05-22,92.0501,93.1163,91.5809,92.2842,24347624
2018-05-23,92.5572,93.1567,91.8891,92.2909,37449580
2018-05-24,92.2424,93.1708,91.5476,92.2936,44538398
2018-05-25,92.3079,93.1886,91.6071,92.3041,46285738
2018-05-28,92.3109,93.1742,91.9252,92.3109,41600357
2018-05-29,92.3442,93.0694,91.5003,92.3153,19371005
2018-05-30,92.5049,93.4194,91.5263,92.3188,49222274
2018-05-31,92.2810,92.9384,91.4715,92.3268,22997125
2018-06-01,92.1274,92.7597,91.2682,92.3384,15063286
2018-06-04,92.0653,93.1776,91.6741,92.3471,15024972
2018-06-05,92.4743,92.8477,91.9730,92.3505,28844170
2018-06-06,92.5085,93.0264,91.7220,92.3614,26995694
2018-06-07,92.4221,92.8313,91.6327,92.3610,18986653
2018-06-08,92.1642,93.2722,91.2747,92.3726,41330430
2018-06-11,92.3015,93.2625,91.6464,92.3870,49689469
2018-06-12,92.5326,93.4001,92.0227,92.3955,15866128
2018-06-13,92.3646,93.3102,91.6544,92.3976,12054012
2018-06-14,92.4993,93.1517,91.9051,92.4001,44170723
2018-06-15,92.4023,92.8465,91.6891,92.4077,45550052
2018-06-18,92.1719,93.1676,91.5783,92.4092,24532188
2018-06-19,92.4259,92.9342,91.8826,92.4105,49846429
2018-06-20,92.4500,93.3550,91.6233,92.4155,20859061
2018-06-21,92.3330,93.3042,91.7395,92.4172,43998021
2018-06-22,92.4063,93.2846,91.7489,92.4265,39208266
2018-06-25,92.5436,93.0359,91.9652,92.4322,39887883
2018-06-26,92.2849,92.9336,91.5658,92.4415,18246159
2018-06-27,92.2455,92.8730,91.6087,92.4466,35852453
2018-06-28,92.5830,93.1345,91.5408,92.4478,36783280
2018-06-29,92.2412,93.3722,91.8543,92.4519,29855868
2018-07-02,92.6637,93.4733,91.9752,92.4649,45350061
2018-07-03,92.3563,92.8751,91.6649,92.4796,48402011
2018-07-04,92.4367,93.2482,91.6874,92.4967,45218921
2018-07-05,92.3323,93.0935,91.7082,92.5010,39068759
2018-07-06,92.5700,93.1010,92.1020,92.5091,37074386
2018-07-09,92.4986,93.1918,91.8626,92.5194,13007812
2018-07-10,92.6003,93.0962,92.1305,92.5286,21700151
2018-07-11,92.5447,93.3424,91.8474,92.5418,37376137
2018-07-12,92.4041,93.3115,91.7840,92.5503,12926586
2018-07-13,92.6524,93.2848,91.9060,92.5536,33006909
2018-07-16,92.7863,93.5278,92.0456,92.5664,18841227
2018-07-17,92.4668,93.3194,91.8870,92.5738,14408015
2018-07-18,92.5277,93.2098,91.8666,92.5787,33512659
2018-07-19,92.5676,92.9793,91.8827,92.5823,11674969
2018-07-20,92.7705,93.6756,91.6874,92.5860,41475765
2018-07-23,92.3607,93.2266,91.5852,92.5920,27507893
2018-07-24,92.3976,93.4989,91.7847,92.6056,25989246
2018-07-25,92.4748,93.0113,91.7351,92.6114,26696149
2018-07-26,92.6039,93.1910,91.6924,92.6147,33566558
2018-07-27,92.5211,93.3377,91.8296,92.6291,10591519
2018-07-30,92.7764,93.1746,92.0035,92.6290,42122657
2018-07-31,92.5615,93.0672,91.8530,92.6393,25178075
2018-08-01,92.7324,93.3123,91.7540,92.6480,19417698
2018-08-02,92.6593,93.4140,92.1833,92.6614,33739022
2018-08-03,92.9096,93.8068,91.8457,92.6673,48215780
2018-08-06,92.9546,93.8751,92.0137,92.6721,13489613
2018-08-07,92.6546,93.1824,91.8641,92.6790,34442948
2018-08-08,92.7127,93.1047,91.8997,92.6807,29169702
2018-08-09,92.7879,93.6894,91.9177,92.6904,28482231
2018-08-10,92.6817,93.1938,92.2371,92.6995,13418821
2018-08-13,92.7369,93.3771,92.0406,92.7092,40524455
2018-08-14,92.4838,93.4480,91.9148,92.7222,34737647
2018-08-15,92.8678,93.6081,91.9082,92.7299,27778618
2018-08-16,92.7041,93.1403,92.0655,92.7393,20708591
2018-08-17,92.5952,93.2056,91.6745,92.7468,48356703
2018-08-20,92.5823,93.2208,91.9102,92.7580,32157041
2018-08-21,92.7756,93.4234,92.3401,92.7655,30645619
2018-08-22,92.7248,93.5637,92.2030,92.7661,43861202
2018-08-23,92.6531,93.1943,91.9306,92.7716,29047468
2018-08-24,92.6152,93.4479,92.0366,92.7760,26688837
2018-08-27,92.8759,93.7020,92.4066,92.7956,11581923
2018-08-28,92.9295,93.7293,92.2696,92.8004,41982274
2018-08-29,92.7889,93.4083,91.8653,92.8105,18186043
2018-08-30,92.7937,93.1999,92.3666,92.8132,41868790
2018-08-31,92.7138,93.5240,92.3307,92.8159,49464243
2018-09-03,92.8111,93.6334,91.9155,92.8219,26908439
2018-09-04,92.6775,93.2125,92.1985,92.8315,15792066
2018-09-05,92.7346,93.4910,92.1649,92.8338,23307662
2018-09-06,92.7185,93.6223,92.2698,92.8378,35219830
2018-09-07,92.9554,93.5328,92.0414,92.8505,27703281
2018-09-10,93.0947,93.9093,92.1969,92.8600,46355713
2018-09-11,92.7259,93.3354,92.2554,92.8728,10001420
2018-09-12,92.7654,93.4392,92.2316,92.8822,11123544
2018-09-13,92.8955,93.4710,92.2802,92.8865,42355230
2018-09-14,92.8114,93.5412,92.0005,92.8953,16254765
2018-09-17,93.0052,93.6649,92.0802,92.9066,44830989
2018-09-18,92.8408,93.6244,92.1588,92.9128,12933033
2018-09-19,92.7442,93.5843,92.1629,92.9183,23798410
2018-09-20,93.1521,93.9447,92.2664,92.9242,41619526
2018-09-21,92.8799,93.6641,92.1662,92.9300,17452774
2018-09-24,92.7858,93.6632,92.2159,92.9349,11079186
2018-09-25,92.8626,93.6514,92.3769,92.9490,25837028
2018-09-26,92.9284,93.7697,92.4930,92.9498,27002607
2018-09-27,92.8007,93.7914,92.2555,92.9559,21982208
2018-09-28,93.1368,93.5743,92.2697,92.9544,29999579
2018-10-01,93.2090,93.6408,92.0672,92.9625,36060045
2018-10-02,93.1751,93.5765,92.4258,92.9684,40482900
2018-10-03,93.0231,93.4443,92.1234,92.9702,33151515
2018-10-04,93.0995,93.6107,92.3109,92.9818,12229590
2018-10-05,92.8698,93.8354,92.3906,92.9856,23728268
2018-10-08,93.2162,93.9554,92.4252,92.9952,48909346
2018-10-09,92.7683,93.9243,92.1535,93.0008,28551936
2018-10-10,92.9689,93.6411,92.5209,93.0084,25332951
2018-10-11,92.7956,93.5816,92.0169,93.0210,44256701
2018-10-12,92.8458,93.8158,92.0933,93.0282,30980936
2018-10-15,92.9822,93.7351,92.4942,93.0315,39873518
2018-10-16,92.9796,93.6422,92.4084,93.0350,21967448
2018-10-17,92.9508,93.6147,92.1206,93.0436,27797462
2018-10-18,93.2433,93.8763,92.3811,93.0557,18353897
2018-10-19,93.2837,93.7205,92.6341,93.0594,32274348
2018-10-22,93.1596,93.5994,92.1717,93.0689,20584105
2018-10-23,92.8859,93.4816,92.0934,93.0763,32572318
2018-10-24,92.7257,93.7519,91.8607,93.0845,10503615
2018-10-25,92.9935,93.5962,92.1558,93.0889,31605206
2018-10-26,93.2209,93.5983,92.6653,93.0903,49905016
2018-10-29,92.9937,93.8762,92.1122,93.0940,29995214
2018-10-30,93.1811,93.9835,92.2653,93.1006,44927108
2018-10-31,93.1001,93.8761,92.7102,93.1041,20715103
2018-11-01,92.9742,93.6449,92.2817,93.1164,21983480
2018-11-02,93.1081,94.0239,92.5021,93.1256,45030152
2018-11-05,93.0858,93.5882,92.6417,93.1390,14906215
2018-11-06,93.4548,94.2522,92.6679,93.1468,19754500
2018-11-07,93.2394,93.7843,92.6908,93.1537,11330997
2018-11-08,93.3204,94.1832,92.2444,93.1556,12628737
2018-11-09,93.2376,93.9642,92.7646,93.1705,26086186
2018-11-12,93.0661,93.6944,92.5625,93.1771,48781223
2018-11-13,93.2129,94.0969,92.3241,93.1922,45184306
2018-11-14,93.1799,93.6869,92.6022,93.1938,28756911
2018-11-15,93.1988,93.7942,92.6272,93.2048,11935138
2018-11-16,93.0193,93.7438,92.3637,93.2161,28510360
2018-11-19,93.1903,93.8340,92.5240,93.2267,25168629
2018-11-20,93.2213,94.0013,92.5596,93.2320,35233110
2018-11-21,93.1053,93.6700,92.6432,93.2399,36059574
2018-11-22,93.2593,93.7084,92.4979,93.2597,31786415
2018-11-23,93.2792,93.9088,92.6060,93.2670,30998436
2018-11-26,93.5055,94.0972,92.7240,93.2801,42216998
2018-11-27,93.2145,93.7257,92.7024,93.2852,38973450
2018-11-28,93.2158,94.1829,92.3032,93.3001,47083720
2018-11-29,93.5432,94.2898,92.4570,93.3029,36351534
2018-11-30,93.3902,94.2812,92.5169,93.3041,13604147
2018-12-03,93.5268,94.2965,92.5188,93.3110,37176158
2018-12-04,93.3548,94.1931,92.5888,93.3213,17846506
2018-12-05,93.1712,94.0833,92.2636,93.3282,36719164
2018-12-06,93.3992,93.7984,92.6254,93.3390,49788769
2018-12-07,93.2062,93.9501,92.4216,93.3497,12804684
2018-12-10,93.6377,94.3617,92.5237,93.3485,23410746
2018-12-11,93.4313,93.8367,92.8838,93.3579,36525981
2018-12-12,93.2492,93.8100,92.7806,93.3706,43576117
2018-12-13,93.4616,93.8982,92.6489,93.3778,12528626
2018-12-14,93.6618,94.5512,92.9216,93.3877,45939003
2018-12-17,93.3945,93.7704,92.6711,93.3916,34865114
2018-12-18,93.4767,94.2219,92.8226,93.4000,32097811
2018-12-19,93.2373,94.2425,92.3063,93.4140,12305749
2018-12-20,93.1643,93.8016,92.3426,93.4184,15839700
2018-12-21,93.4848,94.0801,92.5915,93.4208,26476641
2018-12-24,93.5724,94.1820,92.6622,93.4328,43584074
2018-12-25,93.7510,94.6855,92.6809,93.4484,33503931
2018-12-26,93.4828,94.3858,92.7228,93.4580,18575360
2018-12-27,93.3300,94.1397,92.4779,93.4633,16094112
2018-12-28,93.5833,94.3315,92.8259,93.4669,30430237
2018-12-31,93.6623,94.0511,92.5707,93.4730,47964718
2019-01-01,93.5170,94.0303,92.5469,93.4739,35260646
2019-01-02,93.5765,94.4389,92.7770,93.4757,23197737
2019-01-03,93.3425,93.8787,92.7735,93.4852,23698795
2019-01-04,93.4732,94.3548,92.8711,93.4889,38717744
2019-01-07,93.6330,94.1914,92.9962,93.4944,33157811
2019-01-08,93.4648,94.1393,92.7610,93.4961,20068547
2019-01-09,93.5239,94.1183,93.0896,93.4957,24632071
2019-01-10,93.5785,94.3206,92.6285,93.5070,29462207
2019-01-11,93.4142,94.3143,92.8799,93.5221,29630069
2019-01-14,93.6318,94.3418,93.0886,93.5307,24080662
2019-01-15,93.4792,94.1109,92.6458,93.5319,48500509
2019-01-16,93.6746,94.3212,92.6562,93.5319,23319130
2019-01-17,93.4375,94.1415,92.8212,93.5382,22449839
2019-01-18,93.3583,94.0909,92.9624,93.5442,11099050
2019-01-21,93.5953,94.2114,92.6739,93.5458,48532154
2019-01-22,93.4874,93.9720,92.8328,93.5558,14459591
2019-01-23,93.7238,94.5843,92.9631,93.5583,36231050
2019-01-24,93.5075,94.4653,92.8877,93.5630,35961127
2019-01-25,93.8343,94.6415,92.7213,93.5756,20787075
2019-01-28,93.4645,94.4651,93.0157,93.5842,27606723
2019-01-29,93.8249,94.7167,92.8241,93.5916,39927146
2019-01-30,93.5488,94.4751,93.0847,93.6004,21215146
2019-01-31,93.4792,94.1898,93.0139,93.6108,13115499
2019-02-01,93.5232,94.1501,92.8265,93.6177,43066073
2019-02-04,93.6530,94.4679,93.0163,93.6220,28985403
2019-02-05,93.7463,94.5663,93.1832,93.6376,11742869
2019-02-06,93.5507,94.0925,93.0573,93.6411,39179600
2019-02-07,93.7180,94.2363,92.9184,93.6579,24306017
2019-02-08,93.6602,94.5908,93.1657,93.6675,13711191
2019-02-11,93.5311,94.4016,92.9974,93.6741,33107237
2019-02-12,93.6074,94.1308,92.8737,93.6900,19017601
2019-02-13,93.6627,94.5749,92.9971,93.6998,29146700
2019-02-14,93.8401,94.2616,93.0789,93.7033,10451535
2019-02-15,93.5692,94.6304,92.8446,93.7080,39912977
2019-02-18,93.7368,94.4114,92.7857,93.7151,10206240
2019-02-19,93.7171,94.5115,93.1693,93.7261,13436247
2019-02-20,93.6391,94.2930,93.0390,93.7426,43674617
2019-02-21,93.7604,94.5498,93.1590,93.7496,37031073
2019-02-22,93.5640,94.2037,92.6434,93.7566,18958340
2019-02-25,93.5805,94.2765,93.0545,93.7549,31387804
2019-02-26,93.8744,94.7014,93.1459,93.7605,12860316
2019-02-27,93.7704,94.2529,93.0758,93.7671,25095272
2019-02-28,93.7426,94.5562,92.9751,93.7751,27596693
2019-03-01,93.8159,94.6852,93.3681,93.7840,32098494
2019-03-04,93.8131,94.4613,93.3819,93.8065,16629970
2019-03-05,93.8974,94.5131,93.4329,93.8137,38129630
2019-03-06,93.8284,94.2520,93.1521,93.8145,31057606
2019-03-07,93.6796,94.5210,92.9232,93.8254,24320030
2019-03-08,93.8882,94.5285,92.9433,93.8323,42710522
2019-03-11,93.6998,94.2681,93.2924,93.8374,14501253
2019-03-12,94.0651,94.6352,93.1076,93.8406,45147690
2019-03-13,93.5697,94.7841,92.8451,93.8494,19937208
2019-03-14,94.0040,94.6982,93.3046,93.8497,19773659
2019-03-15,93.7975,94.5123,92.8674,93.8645,26599941
2019-03-18,93.7103,94.3204,92.9321,93.8713,46796276
2019-03-19,93.8514,94.7835,93.4174,93.8773,49639911
2019-03-20,93.6537,94.7440,92.8049,93.8825,19930756
2019-03-21,93.8038,94.7925,92.9976,93.8935,45929881
2019-03-22,93.7008,94.5670,92.8366,93.9031,39393695
2019-03-25,94.0186,94.7469,93.0869,93.9091,48409410
2019-03-26,94.1519,94.9622,93.3692,93.9175,11031902
2019-03-27,94.1383,94.6620,93.5349,93.9208,24366336
2019-03-28,93.9172,94.4450,93.2530,93.9331,39919037
2019-03-29,94.0374,94.4559,93.2170,93.9460,34159119
2019-04-01,94.0383,94.7385,93.2998,93.9541,30292621
2019-04-02,93.9378,94.5207,93.5118,93.9624,22757076
2019-04-03,93.8573,94.7675,93.0320,93.9665,13199374
2019-04-04,93.4793,94.8293,92.6520,93.9775,32159448
2019-04-05,93.7543,94.4710,92.8337,93.9824,33014596
2019-04-08,93.9653,94.3826,93.5530,93.9857,26046460
2019-04-09,94.1080,94.7804,93.5021,93.9947,43084768
2019-04-10,94.1503,94.5699,93.5932,94.0048,44550914
2019-04-11,94.0563,94.6843,93.4893,94.0121,10547951
2019-04-12,94.2769,95.0224,93.2131,94.0108,24403238
2019-04-15,94.0054,94.5937,93.6057,94.0168,43172942
2019-04-16,94.0121,94.4366,93.1514,94.0189,32360496
2019-04-17,94.0190,94.9328,93.4798,94.0280,17825158
2019-04-18,94.0074,94.9426,93.2136,94.0386,17887838
2019-04-19,94.1592,94.6283,93.3849,94.0367,10973323
2019-04-22,94.0894,94.8296,93.1709,94.0459,43453195
2019-04-23,94.1812,94.8695,93.1827,94.0505,40492125
2019-04-24,94.1242,94.5263,93.5888,94.0601,48454689
2019-04-25,94.0839,94.6972,93.4043,94.0638,42893578
2019-04-26,94.1563,94.6410,93.6496,94.0764,20096982
2019-04-29,93.9414,94.9233,93.2608,94.0813,17091941
2019-04-30,94.1097,94.6663,93.5413,94.0938,29091538
2019-05-01,94.2416,94.9068,93.6131,94.0968,15002493
2019-05-02,94.1355,94.7345,93.4091,94.1084,10948984
2019-05-03,94.1855,94.6971,93.5807,94.1118,23312001
2019-05-06,93.9902,94.7753,93.2349,94.1213,49836028
2019-05-07,93.9827,94.8581,93.4834,94.1359,30380908
2019-05-08,94.2832,94.9612,93.3808,94.1523,24814790
2019-05-09,93.9389,94.6130,93.5540,94.1611,31328739
2019-05-10,94.2178,94.6292,93.7318,94.1721,20202119
2019-05-13,94.2271,94.6663,93.5447,94.1775,28653698
2019-05-14,94.0325,94.8204,93.1394,94.1842,33722328
2019-05-15,94.2392,94.9932,93.5874,94.1889,24469900
2019-05-16,94.2864,95.0475,93.3745,94.1993,12766713
2019-05-17,94.1180,95.0363,93.3209,94.2067,43416007
2019-05-20,93.8115,94.5912,92.9345,94.2140,20472766
2019-05-21,94.0766,94.7655,93.2498,94.2233,32262104
2019-05-22,94.2526,95.0167,93.4117,94.2259,40137581
2019-05-23,94.2568,94.6758,93.4247,94.2392,32713047
2019-05-24,94.5665,95.2760,93.6572,94.2515,23071938
2019-05-27,94.3958,94.9756,93.5861,94.2571,25614274
2019-05-28,94.1672,94.9239,93.7893,94.2634,41102253
2019-05-29,94.3830,95.1583,93.7564,94.2697,25862982
2019-05-30,94.1218,95.1553,93.3728,94.2712,39752221
2019-05-31,94.0983,94.8078,93.4722,94.2881,30760754
2019-06-03,94.1238,94.9938,93.2659,94.3002,20749069
2019-06-04,94.1749,95.1272,93.4830,94.2908,42457517
2019-06-05,94.3967,94.8555,93.5669,94.2951,48362954
2019-06-06,94.2384,94.8988,93.7732,94.2980,37508761
2019-06-07,94.2990,94.9385,93.4971,94.3065,34989677
2019-06-10,94.2549,94.7087,93.8767,94.3111,11242173
2019-06-11,94.3323,94.7764,93.7324,94.3133,23594960
2019-06-12,94.1967,94.7135,93.6837,94.3191,11910598
2019-06-13,94.3930,95.0260,93.8764,94.3273,16951952
2019-06-14,94.4569,95.3511,93.9121,94.3345,33161405
2019-06-17,94.2874,95.0347,93.4081,94.3349,44487030
2019-06-18,94.4877,95.1126,93.7664,94.3400,18770869
2019-06-19,94.4431,95.0620,93.8646,94.3494,44687961
2019-06-20,94.1503,94.7574,93.6097,94.3555,11473406
2019-06-21,94.3018,94.9625,93.3849,94.3621,14941219
2019-06-24,94.2253,94.8636,93.5604,94.3652,25598083
2019-06-25,94.6398,95.1469,93.7532,94.3771,49367525
2019-06-26,94.4910,95.3968,93.9865,94.3884,30961139
2019-06-27,94.2031,95.2896,93.5785,94.4003,29400486
2019-06-28,94.2438,94.8771,93.8327,94.4059,13679967
2019-07-01,94.3955,95.2282,93.8378,94.4038,14763092
2019-07-02,94.2303,94.8349,93.6838,94.4074,28036885
2019-07-03,94.4376,95.3727,93.8883,94.4132,10858640
2019-07-04,94.4692,95.2725,93.9147,94.4215,24953557
2019-07-05,94.5603,95.4971,93.7337,94.4300,34314673
2019-07-08,94.4208,95.2317,93.6474,94.4377,27387823
2019-07-09,94.4897,95.0694,93.5548,94.4391,36791472
2019-07-10,94.3371,94.9338,93.8283,94.4456,46238417
2019-07-11,94.5273,94.9064,93.8035,94.4471,40271166
2019-07-12,94.4939,95.0064,94.0018,94.4579,11683674
2019-07-15,94.3329,95.2723,93.7187,94.4669,37981801
2019-07-16,94.6339,95.4570,93.7013,94.4732,49294932
2019-07-17,94.6233,95.2222,93.7758,94.4784,34476213
2019-07-18,94.4522,94.9115,93.9256,94.4858,38526860
2019-07-19,94.4562,95.1152,94.0473,94.4966,49631065
2019-07-22,94.1726,95.0892,93.2400,94.5104,48384705
2019-07-23,94.7000,95.1494,94.0348,94.5214,23097785
2019-07-24,94.4646,95.2904,93.5884,94.5265,24969010
2019-07-25,94.2985,94.9268,93.3627,94.5445,17054192
2019-07-26,94.5814,95.4716,93.8687,94.5499,22874149
2019-07-29,94.6303,95.1912,93.9598,94.5552,27956157
2019-07-30,94.4454,95.3707,93.5174,94.5608,27507313
2019-07-31,94.3785,95.2633,93.4534,94.5685,13514532
2019-08-01,94.9433,95.4044,93.7776,94.5785,40230382
2019-08-02,94.4944,95.5233,93.7908,94.5882,38691419
2019-08-05,94.5687,95.0311,94.0365,94.5942,16319786
2019-08-06,94.6037,95.4874,93.6691,94.6079,29991617
2019-08-07,94.6483,95.0459,93.9883,94.6251,24148302
2019-08-08,94.4691,95.4658,93.8398,94.6327,19337819
2019-08-09,94.3770,95.0635,93.6951,94.6408,46251626
2019-08-12,94.3995,95.4842,93.9865,94.6472,49632743
2019-08-13,94.9554,95.5640,93.7505,94.6578,14121926
2019-08-14,94.7218,95.2807,93.7303,94.6719,11847301
2019-08-15,94.5203,95.1135,93.8598,94.6742,42793535
2019-08-16,94.7208,95.5688,93.7974,94.6835,14912064
2019-08-19,94.7527,95.2977,94.0090,94.6907,40169359
2019-08-20,94.7929,95.6000,94.1383,94.6919,26859332
2019-08-21,94.8719,95.5776,94.1246,94.6996,38956151
2019-08-22,94.6083,95.3508,94.1524,94.7014,49352812
2019-08-23,94.6466,95.4179,94.2369,94.7094,41543206
2019-08-26,94.9437,95.8458,93.8114,94.7073,25221507
2019-08-27,94.9268,95.6522,94.1145,94.7170,11525116
2019-08-28,94.6903,95.3142,94.1011,94.7258,14189001
2019-08-29,94.5748,95.6115,94.0564,94.7387,49249932
2019-08-30,94.9486,95.6780,93.8279,94.7499,31332519
2019-09-02,94.8083,95.2211,93.8341,94.7632,21845181
2019-09-03,94.7478,95.3403,93.8675,94.7683,40609267
2019-09-04,94.8901,95.7626,94.3469,94.7761,31381849
2019-09-05,94.9164,95.6895,93.9439,94.7866,21437521
2019-09-06,94.9604,95.8685,94.3841,94.7889,13107902
2019-09-09,94.8692,95.6008,94.2544,94.8011,35325430
2019-09-10,94.5866,95.2684,93.8300,94.8068,36903561
2019-09-11,94.5899,95.3915,93.8539,94.8061,37297186
2019-09-12,94.7802,95.5788,93.9718,94.8101,11949924
2019-09-13,94.8399,95.6534,94.1867,94.8196,17595628
2019-09-16,94.6377,95.4491,93.9664,94.8331,13581545
2019-09-17,94.8356,95.3444,94.1302,94.8433,20874640
2019-09-18,95.2731,96.0667,94.1482,94.8532,37730406
2019-09-19,95.2172,95.7825,94.0802,94.8559,44721505
2019-09-20,94.8793,95.2993,94.0405,94.8546,42640596
2019-09-23,94.6505,95.2827,93.8945,94.8541,41010335
2019-09-24,94.8010,95.3897,93.8936,94.8651,40260121
2019-09-25,95.0874,95.8256,94.1632,94.8708,24000942
2019-09-26,94.7450,95.5878,94.2201,94.8728,15816243
2019-09-27,94.9716,95.4203,94.2255,94.8861,34247931
2019-09-30,94.9917,95.6885,94.4384,94.8922,49713211
2019-10-01,94.8134,95.6646,94.2562,94.9003,48482340
2019-10-02,94.7154,95.7756,94.2879,94.9116,21704470
2019-10-03,94.7097,95.5143,93.9137,94.9065,17635211
2019-10-04,94.9340,95.6670,94.5220,94.9083,16300444
2019-10-07,94.8291,95.3516,94.0610,94.9199,21285842
2019-10-08,94.9492,95.4441,94.3035,94.9262,29903610
2019-10-09,94.9424,95.4680,94.0570,94.9357,32301114
2019-10-10,94.8337,95.8143,94.3224,94.9399,41148475
2019-10-11,95.0600,95.9983,94.3381,94.9482,18233316
2019-10-14,95.0718,95.5850,94.5039,94.9549,20472879
2019-10-15,94.8136,95.3951,93.8946,94.9653,28365858
2019-10-16,94.9200,95.5286,94.1309,94.9749,32621557
2019-10-17,95.0649,95.7061,94.5049,94.9889,25905191
2019-10-18,94.4944,95.7230,93.8270,95.0027,49785588
2019-10-21,94.9646,95.4558,94.4208,95.0093,43240684
2019-10-22,94.7579,95.8101,94.1954,95.0169,27488479
2019-10-23,94.9472,95.6715,94.0870,95.0241,35500600
2019-10-24,95.0700,95.9628,94.5692,95.0364,21050684
2019-10-25,94.9518,95.4342,94.4674,95.0446,28847327
2019-10-28,95.1772,95.6755,94.2017,95.0473,22220306
2019-10-29,94.9403,95.7435,94.2094,95.0488,45077178
2019-10-30,95.1589,95.8463,94.2831,95.0558,12698046
2019-10-31,95.1360,95.8044,94.6555,95.0673,37944370
2019-11-01,94.9518,95.7603,94.2590,95.0711,21378547
2019-11-04,94.9673,95.8098,94.5609,95.0857,11677090
2019-11-05,95.1041,95.8840,94.3335,95.0986,18840998
2019-11-06,94.9838,95.7222,94.2558,95.1011,15764745
2019-11-07,95.1887,95.9285,94.3900,95.1087,45737619
2019-11-08,95.3239,95.8399,94.3019,95.1204,27566512
2019-11-11,94.9971,96.0731,94.4711,95.1259,43463933
2019-11-12,95.2909,95.9959,94.4713,95.1242,37440770
2019-11-13,94.9610,95.8206,94.0841,95.1259,39106420
2019-11-14,95.0464,95.8359,94.5181,95.1353,21309662
2019-11-15,95.1630,96.0666,94.5635,95.1401,43490146
2019-11-18,95.1009,95.6760,94.6544,95.1440,24289560
2019-11-19,94.7828,95.7684,94.1175,95.1543,32679765
2019-11-20,95.2730,95.8494,94.7734,95.1670,17165062
2019-11-21,95.0548,95.9815,94.6655,95.1753,45859312
2019-11-22,95.3153,96.0818,94.4210,95.1884,31998531
2019-11-25,95.3078,95.7441,94.7057,95.1936,25336337
2019-11-26,95.0179,96.0030,94.6085,95.1998,40188948
2019-11-27,95.2239,96.0062,94.3831,95.2022,37760116
2019-11-28,95.5118,96.1778,94.3949,95.2086,12374977
2019-11-29,94.9898,96.0035,94.5904,95.2213,21863178
2019-12-02,95.3273,95.9693,94.5675,95.2268,22994321
2019-12-03,95.2006,96.1041,94.6989,95.2376,16445183
2019-12-04,95.2055,95.8072,94.7947,95.2540,28359391
2019-12-05,95.2796,95.6745,94.8071,95.2696,48200399
2019-12-06,95.4013,96.0308,94.8679,95.2836,24643467
2019-12-09,95.3532,95.7761,94.6980,95.2915,29533992
2019-12-10,95.5424,96.1878,94.4360,95.2988,48031913
2019-12-11,95.3023,96.0478,94.6824,95.3087,17088575
2019-12-12,95.4025,96.1384,94.8647,95.3157,38125213
2019-12-13,95.2217,95.9328,94.7208,95.3243,41735370
2019-12-16,95.4166,96.3490,94.8122,95.3295,31628045
2019-12-17,95.2277,95.7968,94.5589,95.3399,45463127
2019-12-18,95.2748,96.0815,94.8372,95.3478,39388610
2019-12-19,95.4943,96.1373,94.5456,95.3549,22554431
2019-12-20,95.3224,95.7740,94.9003,95.3609,25496644
2019-12-23,95.3023,96.2806,94.6010,95.3608,17457914
2019-12-24,95.3628,96.1360,94.8657,95.3714,32777799
2019-12-25,95.3161,96.0184,94.6910,95.3713,31722887
2019-12-26,95.3699,95.9549,94.8434,95.3779,13571009
2019-12-27,95.2910,96.2517,94.4426,95.3803,47369901
2019-12-30,95.3038,96.3004,94.4037,95.3833,35406128
2019-12-31,95.4018,95.9000,94.9780,95.3882,26386830
2020-01-01,95.3311,95.8257,94.4472,95.3862,41455548
2020-01-02,95.1802,95.8707,94.4572,95.3839,13021724
2020-01-03,95.4253,96.1400,94.9294,95.3915,22356877
2020-01-06,95.2802,96.0443,94.5285,95.3854,42792147
2020-01-07,95.6251,96.4252,94.6165,95.3802,32414895
2020-01-08,95.3816,95.7700,94.6898,95.3803,24667803
2020-01-09,95.1592,96.1116,94.6310,95.3825,34961529
2020-01-10,95.2900,96.3272,94.3379,95.3758,22774537
2020-01-13,95.2161,95.9304,94.7191,95.3827,22978144
2020-01-14,95.4239,96.3418,94.5121,95.3878,15116354
2020-01-15,95.4279,95.9686,94.5440,95.3913,29793972
2020-01-16,95.4410,95.9757,94.6153,95.3904,18621613
2020-01-17,95.2890,96.0912,94.4752,95.3958,17825882
2020-01-20,95.4932,96.4134,94.4801,95.3974,13537243
2020-01-21,95.4602,96.1353,94.7514,95.3942,43225625
2020-01-22,95.6623,96.6102,94.9465,95.3891,23968214
2020-01-23,95.6477,96.3930,94.7637,95.3871,41511884
2020-01-24,95.1816,96.2976,94.3941,95.3895,11867074
2020-01-27,95.4853,95.9387,94.5724,95.3839,31660727
2020-01-28,95.5143,95.8981,94.9303,95.3747,35586056
2020-01-29,95.3440,96.1056,94.8594,95.3716,41556808
2020-01-30,95.2760,95.9021,94.7100,95.3772,28758808
2020-01-31,95.1487,96.2694,94.2820,95.3769,33720326
2020-02-03,95.5116,95.9772,94.8461,95.3796,19359224
2020-02-04,95.3551,95.8625,94.9018,95.3923,23451894
2020-02-05,95.3773,96.2241,94.9845,95.3960,23149374
2020-02-06,95.7679,96.1946,94.8904,95.3977,42190088
2020-02-07,95.1801,96.2281,94.7352,95.3947,26469086
2020-02-10,95.3942,96.1519,94.9963,95.3902,39178728
2020-02-11,95.5768,96.4641,94.6703,95.3894,16923258
2020-02-12,95.5323,96.2656,94.7668,95.3919,40288740
2020-02-13,95.3595,95.8900,94.4332,95.3936,21540556
2020-02-14,95.4254,95.8719,94.8497,95.3860,31575978
2020-02-17,95.6549,96.3735,94.6711,95.3875,34743945
2020-02-18,95.3484,95.8894,94.4736,95.3875,41472230
2020-02-19,95.3109,96.0643,94.5467,95.3915,16661547
2020-02-20,95.4995,95.9952,94.4683,95.3887,30553778
2020-02-21,95.5721,96.3216,94.6702,95.3883,37060955
2020-02-24,95.4580,96.3930,94.7083,95.3830,27153781
2020-02-25,95.5379,96.4573,94.8992,95.3882,36382403
2020-02-26,95.4931,96.0219,94.8458,95.3900,26345584
2020-02-27,95.5764,95.9890,94.7765,95.3924,14380928
2020-02-28,95.1384,95.8924,94.3129,95.3866,15901932
2020-03-02,95.5613,96.1336,94.5189,95.3911,36065343
2020-03-03,95.3318,95.8334,94.8267,95.3891,16887846
2020-03-04,95.4257,96.2506,94.5495,95.3858,37494357
2020-03-05,95.4120,96.2058,94.6857,95.3923,42033175
2020-03-06,95.4568,96.2590,94.5097,95.3906,45195526
2020-03-09,95.4912,96.4248,94.6420,95.3878,12702064
2020-03-10,95.4601,95.8478,94.9564,95.3921,12407876
2020-03-11,95.6765,96.5721,94.7068,95.3914,47681172
2020-03-12,95.3776,96.0695,94.9054,95.3983,22324204
2020-03-13,95.4860,96.0993,94.4832,95.3999,45346159
2020-03-16,95.4949,96.0130,94.4774,95.4124,35226081
2020-03-17,95.2872,96.0885,94.5009,95.4118,48742480
2020-03-18,95.5465,95.9397,94.8795,95.4053,49915226
2020-03-19,95.4356,96.2326,94.9466,95.4059,21238568
2020-03-20,95.3946,96.0641,94.6441,95.4052,11450294
2020-03-23,95.6252,96.3934,94.8631,95.4091,30554309
2020-03-24,95.5242,96.3243,94.6298,95.4088,17950391
2020-03-25,95.2946,95.9641,94.4195,95.4038,35371316
2020-03-26,95.5826,96.4964,94.4526,95.3972,10656715
2020-03-27,95.3344,96.1039,94.4570,95.4035,20283567
2020-03-30,95.3568,96.0496,94.7445,95.3997,31422410
2020-03-31,95.6555,96.3514,94.8325,95.3928,41408740
2020-04-01,95.3522,96.2902,94.4506,95.3886,30425124
2020-04-02,95.4804,95.9883,94.7695,95.3863,49250956
2020-04-03,95.6314,96.1716,94.9695,95.3808,14461550
2020-04-06,95.4201,96.3313,94.8563,95.3871,31929590
2020-04-07,95.4829,96.1025,94.6140,95.3892,11488086
2020-04-08,95.3666,95.8633,94.7189,95.3819,25566181
2020-04-09,95.4881,95.9473,94.6532,95.3823,46903869
2020-04-10,95.4695,95.9582,94.6798,95.3784,47118758
2020-04-13,95.4502,96.0862,94.8907,95.3781,28543674
2020-04-14,95.3738,95.7731,94.9672,95.3711,47942199
2020-04-15,95.3807,95.8180,94.4860,95.3725,37841701
2020-04-16,95.3738,96.3133,94.5887,95.3741,41175130
2020-04-17,95.2080,96.2327,94.4750,95.3758,27236600
2020-04-20,95.3747,95.8012,94.5652,95.3783,14758490
2020-04-21,95.4017,96.1900,94.5397,95.3792,38878780
2020-04-22,95.5054,96.2142,94.9304,95.3726,21674502
2020-04-23,95.1352,95.9256,94.5750,95.3783,16055887
2020-04-24,95.1552,95.8844,94.2635,95.3836,26419083
2020-04-27,95.6799,96.0812,94.9971,95.3817,45244595
2020-04-28,95.7190,96.5319,94.9219,95.3774,25251755
2020-04-29,95.6329,96.5004,94.6186,95.3735,48388070
2020-04-30,95.3249,95.9512,94.7773,95.3706,19887560
2020-05-01,95.2974,95.9306,94.9148,95.3740,27862575
2020-05-04,95.1484,96.0846,94.6728,95.3730,48239944
2020-05-05,95.3177,96.2404,94.5544,95.3664,29488908
2020-05-06,95.5030,96.1853,94.7579,95.3740,27987605
2020-05-07,95.3568,95.9206,94.7640,95.3826,17144617
2020-05-08,95.2326,95.8264,94.3606,95.3883,36496400
2020-05-11,95.2409,96.1739,94.5582,95.3845,43251676
2020-05-12,95.6247,96.5146,94.7078,95.3867,30965238
2020-05-13,95.6507,96.4828,94.7933,95.3914,16732940
2020-05-14,95.5497,96.3961,94.5299,95.4051,46288318
2020-05-15,95.2047,96.3611,94.8190,95.4115,23974972
2020-05-18,95.4676,96.1476,94.9225,95.4085,31743907
2020-05-19,95.4418,96.2942,94.8227,95.4167,21089167
2020-05-20,95.3555,96.3203,94.6913,95.4194,16781389
2020-05-21,95.5091,96.4291,94.7641,95.4090,11987808
2020-05-22,95.1383,96.2621,94.6074,95.4059,24238699
2020-05-25,95.3807,95.8469,94.9169,95.4011,23538870
2020-05-26,95.2842,96.0511,94.4802,95.4068,45000210
2020-05-27,95.7527,96.5154,94.6470,95.4180,11210231
2020-05-28,95.3568,96.1628,94.9357,95.4140,49979015
2020-05-29,95.5869,96.0751,95.0143,95.4194,17618540
2020-06-01,95.7317,96.2556,94.6606,95.4199,37491735
2020-06-02,95.2500,96.1263,94.4949,95.4145,19177911
2020-06-03,95.2853,96.1976,94.4079,95.4117,29140506
2020-06-04,95.6328,96.4883,94.4914,95.4066,40614204
2020-06-05,95.4806,96.1472,94.5326,95.4089,31779865
2020-06-08,95.4710,96.1364,94.6684,95.4034,20744508
2020-06-09,95.4829,95.9124,94.9170,95.3998,46125014
2020-06-10,95.3789,96.2380,94.4678,95.3976,36035896
2020-06-11,95.1792,95.8004,94.6016,95.3910,42692711
2020-06-12,95.4225,96.3111,94.5123,95.3939,32313570
2020-06-15,95.6996,96.4478,94.8702,95.3899,15203276
2020-06-16,95.2760,96.0945,94.7071,95.3924,32591434
2020-06-17,95.4191,95.9601,94.7248,95.3953,46200170
2020-06-18,95.3517,95.8247,94.5909,95.3937,14906782
2020-06-19,95.1571,96.3113,94.3642,95.3952,22033236
2020-06-22,95.3834,96.0297,94.7080,95.3950,26867422
2020-06-23,95.7042,96.2398,94.4807,95.4013,23480823
2020-06-24,95.3041,96.0004,94.5087,95.3932,46861605
2020-06-25,95.2385,96.3270,94.4760,95.3923,47102071
2020-06-26,95.5172,96.2466,94.9788,95.3963,46233058
2020-06-29,95.4377,96.0214,95.0156,95.4032,35873858
2020-06-30,95.5144,95.9958,94.9539,95.4028,31977762
2020-07-01,95.3913,96.0076,94.9051,95.4105,26951087
2020-07-02,95.1567,96.0164,94.3831,95.4146,34147131
2020-07-03,95.3187,96.1467,94.8875,95.4077,38467944
2020-07-06,95.3233,96.0862,94.3719,95.4073,37094104
2020-07-07,95.4262,95.9310,94.7329,95.4116,21386888
2020-07-08,95.5906,96.3518,94.9922,95.4219,17302580
2020-07-09,95.2827,96.2634,94.4593,95.4203,41486238
2020-07-10,95.2292,96.2761,94.6974,95.4222,32486549
2020-07-13,95.4720,96.2185,94.6721,95.4172,41525274
2020-07-14,95.4066,96.2806,94.5960,95.4121,19930007
2020-07-15,95.3465,96.0288,94.8428,95.4228,24373563
2020-07-16,95.6350,96.4851,94.8177,95.4280,39683999
2020-07-17,95.4100,96.0931,94.7333,95.4390,12799777
2020-07-20,95.4418,96.2980,94.7459,95.4331,44181841
2020-07-21,95.3780,96.1740,94.6655,95.4327,39118893
2020-07-22,95.3558,96.0862,94.5675,95.4333,15311834
2020-07-23,95.4786,96.2122,94.6957,95.4466,15368685
2020-07-24,95.2533,96.0674,94.8678,95.4480,34753789
2020-07-27,95.4919,96.0051,94.7530,95.4411,24588691
2020-07-28,95.6298,96.1657,94.7139,95.4361,22758877
2020-07-29,95.4963,96.1035,94.4796,95.4268,23869135
2020-07-30,95.2565,96.1158,94.3673,95.4254,10829881
2020-07-31,95.3497,95.9819,94.8050,95.4221,47140137
2020-08-03,95.3146,96.1182,94.5331,95.4201,43931277
2020-08-04,95.3646,96.0415,94.8925,95.4198,18692676
2020-08-05,95.2612,95.9733,94.4685,95.4149,14582209
2020-08-06,95.5569,96.2242,94.4985,95.4182,27672417
2020-08-07,95.5341,96.2748,94.6903,95.4227,35745449
2020-08-10,95.5561,96.3738,94.9892,95.4296,47967735
2020-08-11,95.2331,95.9474,94.4144,95.4305,32079116
2020-08-12,95.3905,96.0321,94.5899,95.4331,49110026
2020-08-13,95.4595,96.2791,95.0252,95.4407,38051097
2020-08-14,95.4548,95.9174,94.5366,95.4361,26927853
2020-08-17,95.6679,96.4021,95.0067,95.4394,38449796
2020-08-18,95.4581,96.2221,94.6084,95.4388,13014903
2020-08-19,95.2600,96.0244,94.6369,95.4402,14809200
2020-08-20,95.4312,96.0428,94.7288,95.4444,43469337
2020-08-21,95.6220,96.2810,94.7702,95.4454,49954057
2020-08-24,95.5661,96.0803,94.8747,95.4429,31672948
2020-08-25,95.6492,96.1341,95.0120,95.4443,43020043
2020-08-26,95.5318,96.2246,94.5804,95.4466,34761749
2020-08-27,95.2224,95.9890,94.4907,95.4416,30701314
2020-08-28,95.3227,95.9818,94.9341,95.4396,48480884
2020-08-31,95.2973,96.1595,94.4145,95.4361,21616097
2020-09-01,95.5212,96.4349,94.9301,95.4296,15226631
2020-09-02,95.2415,96.0813,94.6627,95.4316,10382733
2020-09-03,95.6699,96.3353,94.5156,95.4289,27539210
2020-09-04,95.1542,96.3703,94.5324,95.4385,20622893
2020-09-07,95.4867,96.0114,94.6213,95.4425,47344721
2020-09-08,95.5059,95.9246,94.7967,95.4436,29572609
2020-09-09,95.5256,96.2685,94.5614,95.4458,43739941
2020-09-10,95.3496,96.2782,94.5638,95.4414,17089591
2020-09-11,95.2233,96.2820,94.7596,95.4382,28090847
2020-09-14,95.4930,95.8981,94.6686,95.4412,30116903
2020-09-15,95.4081,96.1885,94.5452,95.4460,30304347
2020-09-16,95.4710,95.9842,94.9741,95.4483,31091495
2020-09-17,95.3431,96.2468,94.6528,95.4453,34630100
2020-09-18,95.4333,95.8276,94.7788,95.4437,44003546
2020-09-21,95.1715,95.9292,94.6173,95.4465,37966552
2020-09-22,95.6934,96.3534,95.0303,95.4444,21762480
2020-09-23,95.5631,96.4940,94.5877,95.4440,13192846
2020-09-24,95.3764,95.9000,94.7570,95.4418,32227984
2020-09-25,95.5481,96.4086,94.9655,95.4447,45667119
2020-09-28,95.6005,96.0396,94.9529,95.4498,22583032
2020-09-29,95.6396,96.3304,94.7938,95.4490,32132351
2020-09-30,95.4915,96.0000,94.7525,95.4510,40245204
2020-10-01,95.6583,96.4322,94.8870,95.4561,32580331
2020-10-02,95.4197,96.2775,94.5027,95.4553,15324308
2020-10-05,95.3064,96.0191,94.8068,95.4598,41810055
2020-10-06,95.6302,96.4361,94.5637,95.4665,22693865
2020-10-07,95.4027,96.3349,94.8891,95.4642,46473408
2020-10-08,95.4944,96.2626,94.7601,95.4688,40398534
2020-10-09,95.5090,96.1068,95.0399,95.4715,38636608
2020-10-12,95.5204,96.3775,94.9223,95.4723,10786055
2020-10-13,95.6767,96.3339,94.8539,95.4701,10979970
2020-10-14,95.4113,96.4135,94.7810,95.4652,28755798
2020-10-15,95.6078,96.0908,94.9149,95.4638,19049144
2020-10-16,95.2985,95.9009,94.5784,95.4734,20595397
2020-10-19,95.3631,95.8923,94.7165,95.4692,23486530
2020-10-20,95.3430,95.8536,94.8563,95.4668,42223915
2020-10-21,95.3715,96.2443,94.8455,95.4842,19348396
2020-10-22,95.3514,96.3165,94.8213,95.4808,16691216
2020-10-23,95.4607,96.1755,94.7147,95.4835,33297471
2020-10-26,95.3069,96.0795,94.5602,95.4832,19378538
2020-10-27,95.2209,96.1026,94.2962,95.4914,43664258
2020-10-28,95.5436,96.4569,94.8681,95.4902,34941283
2020-10-29,95.4424,96.0211,94.7939,95.4869,16299937
2020-10-30,95.5561,96.3314,94.5357,95.4882,25465437
2020-11-02,95.4077,96.2099,94.9461,95.4946,38779511
2020-11-03,95.5623,96.2283,94.5871,95.4877,38787896
2020-11-04,95.2886,96.1634,94.4272,95.4824,30769933
2020-11-05,95.2601,96.4118,94.8520,95.4866,44485446
2020-11-06,95.3281,96.3148,94.9454,95.4925,10759757
2020-11-09,95.3874,95.9994,94.4394,95.5016,11855448
2020-11-10,95.4537,96.1284,94.6526,95.5048,23407514
2020-11-11,95.2869,96.2043,94.3697,95.5047,14126586
2020-11-12,95.3518,96.0883,94.4918,95.5030,44818852
2020-11-13,95.5148,96.0321,94.9925,95.5015,27406743
2020-11-16,95.6528,96.5460,94.7093,95.4950,44253216
2020-11-17,95.5578,96.2474,95.0921,95.4985,26840959
2020-11-18,95.4805,96.1060,94.8526,95.4974,35013804
2020-11-19,95.7056,96.4911,95.0620,95.4991,45926841
2020-11-20,95.4661,96.2629,95.0579,95.4910,22944786
2020-11-23,95.4674,96.3640,94.6181,95.4921,21773146
2020-11-24,95.5679,95.9832,94.7042,95.4946,29439894
2020-11-25,95.6145,96.1932,94.7137,95.4951,41363271
2020-11-26,95.2040,96.0235,94.6438,95.4907,32364998
2020-11-27,95.5895,96.1041,94.9105,95.4908,41806477
2020-11-30,95.3358,95.9555,94.8841,95.4988,25921195
2020-12-01,95.7169,96.3706,95.0722,95.4959,22640981
2020-12-02,95.4812,95.9578,94.7164,95.4878,39195153
2020-12-03,95.4368,96.3368,94.5329,95.4885,27007991
2020-12-04,95.4218,96.4209,94.7739,95.4919,19283016
2020-12-07,95.2425,96.2663,94.5152,95.4994,16638961
2020-12-08,95.4255,95.9684,94.5971,95.5080,14518580
2020-12-09,95.5064,96.2384,94.8863,95.5127,13259289
2020-12-10,95.3964,96.1874,94.8418,95.5133,23942318
2020-12-11,95.6095,96.4503,94.8770,95.5142,49491762
2020-12-14,95.4900,95.9756,94.9140,95.5120,20842445
2020-12-15,95.3843,96.1510,94.4455,95.5168,26607634
2020-12-16,95.6016,96.4124,94.7512,95.5199,14274819
2020-12-17,95.3157,96.4285,94.7320,95.5175,48947043
2020-12-18,95.4886,96.4461,95.0607,95.5241,42227674
2020-12-21,95.7131,96.3737,94.7293,95.5248,14002130
2020-12-22,95.4295,96.3500,94.9860,95.5189,33180089
2020-12-23,95.5437,95.9568,95.0150,95.5168,33182032
2020-12-24,95.5039,96.2578,95.0666,95.5116,45209273
2020-12-25,95.2822,96.4614,94.4315,95.5184,16173575
2020-12-28,95.2472,96.4428,94.4644,95.5168,18473521
2020-12-29,95.5144,96.3685,94.9280,95.5150,35785261
2020-12-30,95.5330,96.1866,95.0585,95.5164,33190572
2020-12-31,95.5623,96.2652,94.8157,95.5113,46024396
2021-01-01,95.3993,96.2373,95.0143,95.5035,31001621
2021-01-04,95.6492,96.5203,94.8883,95.5072,44164225
2021-01-05,95.2569,96.2581,94.7483,95.5045,14135665
2021-01-06,95.5928,96.1348,94.9878,95.5048,15341913
2021-01-07,95.3480,96.2749,94.6081,95.5173,11724522
2021-01-08,95.6038,96.5387,95.0799,95.5129,23006007
2021-01-11,95.4678,96.4378,94.8472,95.5121,14403114
2021-01-12,95.6481,96.0553,94.5806,95.5105,45351933
2021-01-13,95.7269,96.3866,95.0195,95.5134,45171338
2021-01-14,95.5318,96.4851,94.8416,95.5027,41706292
2021-01-15,95.3765,96.0384,94.9631,95.5070,31539590
2021-01-18,95.4845,95.9691,94.8133,95.4972,49346148
2021-01-19,95.6196,96.5080,95.0965,95.5020,14062135
2021-01-20,95.5491,95.9627,94.5584,95.5108,20849908
2021-01-21,95.4967,96.4139,94.6403,95.5184,17233098
2021-01-22,95.4833,95.9697,94.5588,95.5144,42560234
2021-01-25,95.6299,96.5028,95.1085,95.5177,31034988
2021-01-26,95.6658,96.0519,95.0285,95.5160,49522692
2021-01-27,95.5014,95.9411,94.7602,95.5173,32565280
2021-01-28,95.4436,96.0327,94.7799,95.5174,28545051
2021-01-29,95.5749,96.2123,94.8429,95.5196,43011248
2021-02-01,95.7665,96.2628,94.7686,95.5249,18117356
2021-02-02,95.4398,95.9403,95.0145,95.5298,21321939
2021-02-03,95.6135,96.4084,94.9303,95.5363,20371825
2021-02-04,95.6705,96.3963,94.6324,95.5308,29366116
2021-02-05,95.5091,96.1125,94.6600,95.5255,37618670
2021-02-08,95.3385,96.2125,94.9369,95.5365,41018422
2021-02-09,95.4305,96.2294,94.5614,95.5241,19276519
2021-02-10,95.4473,96.1605,94.8076,95.5245,22691503
2021-02-11,95.5582,96.0168,94.8124,95.5277,37093665
2021-02-12,95.7535,96.6665,95.1382,95.5389,25244990
2021-02-15,95.8734,96.6860,94.9332,95.5385,38363456
2021-02-16,95.4743,96.4895,94.8294,95.5401,25235473
2021-02-17,95.4128,96.2842,94.9258,95.5351,27465705
2021-02-18,95.5629,96.3912,94.7395,95.5360,39548062
2021-02-19,95.3618,96.3032,94.8285,95.5323,17466090
2021-02-22,95.6272,96.5099,94.6169,95.5366,42917213
2021-02-23,95.7805,96.6892,94.6134,95.5404,37466553
2021-02-24,95.2407,96.3030,94.6930,95.5354,21018732
2021-02-25,95.7522,96.1580,95.1290,95.5359,32830220
2021-02-26,95.4481,96.1112,94.5231,95.5378,18155558
2021-03-01,95.5476,96.0699,94.9686,95.5345,43565391
2021-03-02,95.2732,95.9561,94.7603,95.5275,35679997
2021-03-03,95.6538,96.2388,94.6083,95.5249,27204128
2021-03-04,95.6463,96.4505,94.6291,95.5190,24451322
2021-03-05,95.8296,96.7824,94.7599,95.5209,26529580
2021-03-08,95.4783,96.4801,94.7972,95.5269,15900260
2021-03-09,95.4392,96.3291,95.0069,95.5279,39269787
2021-03-10,95.5371,96.4051,94.6241,95.5342,37568488
2021-03-11,95.4446,96.3866,94.5881,95.5287,12670584
2021-03-12,95.8955,96.3833,94.6168,95.5305,23854453
2021-03-15,95.5605,96.2360,94.9438,95.5342,12571971
2021-03-16,95.4424,96.1536,94.7278,95.5325,35910726
2021-03-17,95.5382,96.3200,94.9317,95.5307,20327513
2021-03-18,95.5404,96.3737,95.0773,95.5314,34741481
2021-03-19,95.7023,96.4334,94.7533,95.5401,37867347
2021-03-22,95.7474,96.3140,94.6110,95.5358,27783890
2021-03-23,95.6869,96.1577,94.8029,95.5352,27712214
2021-03-24,95.3509,96.2785,94.4885,95.5342,23583705
2021-03-25,95.6364,96.1821,94.9046,95.5334,20056381
2021-03-26,95.5427,95.9657,94.9180,95.5251,13451388
2021-03-29,95.5065,96.0073,94.5596,95.5167,48654212
2021-03-30,95.3578,95.9910,94.9643,95.5076,25769842
2021-03-31,95.6406,96.3835,94.9423,95.5030,17893516
2021-04-01,95.4385,96.4001,95.0170,95.5046,47591900
2021-04-02,95.2473,96.4129,94.6358,95.4993,15964479
2021-04-05,95.5395,96.1177,94.8747,95.5054,38945367
2021-04-06,95.5039,96.4584,94.7111,95.5060,43626300
2021-04-07,95.5409,96.2606,94.7822,95.5011,11222415
2021-04-08,95.5220,95.9344,95.0907,95.5025,19524194
2021-04-09,95.5829,96.4803,94.7630,95.5027,44707446
2021-04-12,95.4665,96.2197,94.8709,95.5057,37722096
2021-04-13,95.5474,96.1346,94.8138,95.5077,33912027
2021-04-14,95.6253,96.4636,94.6637,95.5136,49783870
2021-04-15,95.3403,96.3178,94.7283,95.5066,22818758
2021-04-16,95.7418,96.1835,94.7823,95.5071,47432258
2021-04-19,95.1968,95.9113,94.3970,95.5012,44888503
2021-04-20,95.5639,96.0891,94.5967,95.5104,29094259
2021-04-21,95.4551,96.2557,94.7664,95.5111,33183655
2021-04-22,95.6643,96.2305,94.8248,95.5137,33030613
2021-04-23,95.3782,96.4484,94.9902,95.5155,35919776
2021-04-26,95.3520,96.1556,94.5655,95.5137,28393526
2021-04-27,95.3989,96.1025,95.0124,95.5122,42292519
2021-04-28,95.5728,96.2009,94.9851,95.5123,34028304
2021-04-29,95.7226,96.5923,94.9667,95.5047,39230474
2021-04-30,95.6511,96.5412,94.7880,95.5026,37451071
2021-05-03,95.4830,96.2712,95.0655,95.5036,44339231
2021-05-04,95.3954,96.0768,94.7933,95.5009,36765673
2021-05-05,95.1325,96.0978,94.7116,95.5065,47169630
2021-05-06,95.5466,96.0289,95.0746,95.5048,32864687
2021-05-07,95.6345,96.3392,94.7703,95.5011,39209626
2021-05-10,95.3627,96.0173,94.8049,95.5056,35117269
2021-05-11,95.4825,96.1394,94.8360,95.4967,36097845
2021-05-12,95.4681,96.0592,94.8612,95.4954,34821227
2021-05-13,95.6755,96.3431,95.0036,95.4987,43767070
2021-05-14,95.5908,95.9814,94.8925,95.4999,10000396
2021-05-17,95.3318,96.2129,94.6888,95.4868,40653934
2021-05-18,95.4939,96.2243,94.9914,95.4893,19979156
2021-05-19,95.5166,96.2326,95.1041,95.4981,42997786
2021-05-20,95.2935,96.2299,94.6543,95.5040,36376687
2021-05-21,95.4243,96.4057,94.6521,95.5026,27358528
2021-05-24,95.5395,96.0511,95.1012,95.5032,46479451
2021-05-25,95.3385,96.0040,94.9309,95.4964,14046977
2021-05-26,95.4275,95.8815,94.5305,95.4929,37033287
2021-05-27,95.4125,96.0736,94.8927,95.4922,13801237
2021-05-28,95.3781,96.4200,94.4935,95.4900,33242991
2021-05-31,95.4794,96.3672,95.0706,95.4898,40298108
2021-06-01,95.3016,96.1814,94.3521,95.4914,30681264
2021-06-02,95.4284,96.3640,94.9097,95.4966,38108845
2021-06-03,95.4331,96.3685,94.8877,95.4951,42892219
2021-06-04,95.6745,96.5246,94.9181,95.4995,17239520
2021-06-07,95.6115,96.4241,94.9632,95.5034,23371413
2021-06-08,95.5728,96.2044,94.8805,95.4967,34050426
2021-06-09,95.1038,95.9736,94.4593,95.4959,20751298
2021-06-10,95.6193,96.2389,94.6227,95.4989,40322060
2021-06-11,95.2025,96.0315,94.4054,95.4995,32777294
2021-06-14,95.3747,96.3802,94.7611,95.5026,29179204
2021-06-15,95.6900,96.6168,94.6691,95.4992,36907705
2021-06-16,95.5185,96.4591,94.8481,95.4970,45769609
2021-06-17,95.6064,96.5061,95.0690,95.4825,45352518
2021-06-18,95.3942,95.9618,94.8436,95.4812,30243106
2021-06-21,95.3907,95.8835,94.7018,95.4827,21307560
2021-06-22,95.3767,96.3941,94.8268,95.4775,17733076
2021-06-23,95.2842,96.2377,94.5938,95.4750,33933635
2021-06-24,95.4286,96.2589,94.9706,95.4689,17752524
2021-06-25,95.5185,95.9460,94.8340,95.4622,35852434
2021-06-28,95.3946,96.2221,94.7827,95.4596,47154083
2021-06-29,95.7430,96.2554,95.0452,95.4642,46560148
2021-06-30,95.3599,96.1451,94.9482,95.4673,18934790
2021-07-01,95.4571,96.2105,94.8267,95.4677,35591069
2021-07-02,95.5509,96.1337,94.6934,95.4594,24777181
2021-07-05,95.2661,95.8606,94.5914,95.4587,14998062
2021-07-06,95.2633,95.8512,94.5511,95.4657,38697244
2021-07-07,95.3765,95.9494,94.7500,95.4587,28623856
2021-07-08,95.4680,96.1179,94.9986,95.4562,30342544
2021-07-09,95.3815,96.0894,94.4769,95.4587,19839252
2021-07-12,95.4329,95.8954,94.7182,95.4597,16982895
2021-07-13,95.5196,95.9208,94.5048,95.4565,15996094
2021-07-14,95.2835,96.3196,94.6991,95.4505,12121269
2021-07-15,95.3599,96.0614,94.5741,95.4528,13466897
2021-07-16,95.6271,96.4521,94.6007,95.4444,30616930
2021-07-19,95.6216,96.0300,95.0666,95.4514,37829071
2021-07-20,95.3387,96.0441,94.6229,95.4406,29283916
2021-07-21,95.5634,96.5059,94.7991,95.4422,40542260
2021-07-22,95.4490,96.0602,94.7701,95.4428,43369055
2021-07-23,95.4793,96.0236,94.7422,95.4458,36733508
2021-07-26,95.5563,96.4631,95.0486,95.4519,30106091
2021-07-27,95.4963,96.1567,94.9957,95.4476,29523405
2021-07-28,95.3194,96.0439,94.4020,95.4471,19454580
2021-07-29,95.4612,96.1800,94.9100,95.4452,33026795
2021-07-30,95.2479,96.3920,94.4750,95.4541,47781347
2021-08-02,95.3536,96.2561,94.6556,95.4465,35900019
2021-08-03,95.5720,96.1088,94.5879,95.4476,11640387
2021-08-04,95.5247,95.9215,94.5354,95.4464,11784318
2021-08-05,95.1940,95.9458,94.7380,95.4487,43236680
2021-08-06,95.4921,96.0821,94.9582,95.4483,39784728
2021-08-09,95.3281,96.1806,94.7513,95.4447,32764031
2021-08-10,95.6737,96.0748,94.9529,95.4398,21948917
2021-08-11,95.6315,96.0856,94.9515,95.4354,24724700
2021-08-12,95.5081,96.0554,94.9128,95.4304,22833962
2021-08-13,95.4613,96.1548,94.9807,95.4289,24983856
2021-08-16,95.5182,95.9577,95.0383,95.4299,18299502
2021-08-17,95.5963,96.3934,94.5278,95.4397,36846399
2021-08-18,95.3675,96.1045,94.8771,95.4476,20997554
2021-08-19,95.4896,96.2011,94.5027,95.4458,28158501
2021-08-20,95.3285,96.1643,94.8675,95.4449,46834753
2021-08-23,95.2847,96.0362,94.6596,95.4489,10362651
2021-08-24,95.4946,96.3237,94.8255,95.4505,28852205
2021-08-25,95.4589,96.4088,94.8319,95.4455,18659404
2021-08-26,95.2890,95.9788,94.4258,95.4499,38516900
2021-08-27,95.7665,96.1599,94.6426,95.4628,22767958
2021-08-30,95.1705,96.0828,94.7772,95.4643,29043381
2021-08-31,95.5508,95.9668,94.6888,95.4637,44577366
2021-09-01,95.2854,96.2999,94.6147,95.4665,44447738
2021-09-02,95.4219,96.2848,95.0190,95.4629,25319043
2021-09-03,95.5816,96.3720,94.9481,95.4546,16364024
2021-09-06,95.7006,96.1210,94.7999,95.4572,13411034
2021-09-07,95.6547,96.4692,94.6206,95.4583,38769316
2021-09-08,95.3472,96.3915,94.7353,95.4582,47179439
2021-09-09,95.5301,95.9541,94.8959,95.4542,41837923
2021-09-10,95.5305,96.1004,94.8362,95.4461,45451374
2021-09-13,95.4893,96.1256,94.9756,95.4531,15056209
2021-09-14,95.2027,96.0578,94.6144,95.4515,33442508
2021-09-15,95.5834,96.3964,94.6426,95.4475,23225898
2021-09-16,95.4925,95.9324,94.8757,95.4500,29592383
2021-09-17,95.2296,95.8624,94.6905,95.4533,18251093
2021-09-20,95.3572,95.9517,94.7314,95.4484,17530828
2021-09-21,95.4781,96.3826,94.4993,95.4495,15875217
2021-09-22,95.5408,96.3426,94.7705,95.4523,35339435
2021-09-23,95.3729,96.1681,94.8161,95.4547,12589620
2021-09-24,95.1765,96.0173,94.7115,95.4471,43074072
2021-09-27,95.5509,96.0979,94.9529,95.4456,43240287
2021-09-28,95.1086,96.3306,94.2643,95.4431,19923769
2021-09-29,95.5270,96.2361,95.0317,95.4475,24580947
2021-09-30,95.4246,96.2690,94.7750,95.4515,46455931
2021-10-01,95.7033,96.1890,94.7621,95.4481,40594896
2021-10-04,95.5099,96.3123,95.0352,95.4473,17026372
2021-10-05,95.5344,95.9557,94.6932,95.4489,25314752
2021-10-06,95.5708,95.9877,94.9782,95.4503,21288911
2021-10-07,95.5525,95.9415,94.7104,95.4484,44347579
2021-10-08,95.3976,96.3973,94.8870,95.4513,31880466
2021-10-11,95.2906,96.2525,94.3546,95.4520,34885784
2021-10-12,95.5874,96.2753,94.5775,95.4512,25986492
2021-10-13,95.5169,96.2913,94.6926,95.4518,38258334
2021-10-14,95.3996,96.2997,94.6189,95.4534,49949192
2021-10-15,95.4831,95.9263,94.7400,95.4508,40041151
2021-10-18,95.4340,96.2812,94.7032,95.4502,45879606
2021-10-19,95.5313,96.4099,94.7412,95.4472,37508729
2021-10-20,95.6678,96.6240,94.8701,95.4529,36263867
2021-10-21,95.2317,95.8866,94.7199,95.4542,49942752
2021-10-22,95.4613,96.2680,94.7782,95.4571,29813170
2021-10-25,95.2655,96.0386,94.7262,95.4582,36271823
2021-10-26,95.3631,95.8789,94.6390,95.4563,45521632
2021-10-27,95.3567,96.1899,94.4845,95.4498,46917567
2021-10-28,95.7867,96.6602,94.9167,95.4420,24503733
2021-10-29,95.5075,96.4233,94.9870,95.4412,36286707
2021-11-01,95.3939,95.8734,94.6754,95.4390,28078041
2021-11-02,95.3791,96.2545,94.7286,95.4439,19373704
2021-11-03,95.5062,95.9368,94.9091,95.4593,40640686
2021-11-04,95.4838,96.1701,94.8646,95.4692,27661564
2021-11-05,95.7233,96.5213,94.8226,95.4744,38857355
2021-11-08,95.5131,96.2975,94.8811,95.4820,48536411
2021-11-09,95.4642,95.9714,95.0226,95.4739,47541507
2021-11-10,95.3121,96.3285,94.8917,95.4782,12341742
2021-11-11,95.5696,96.0799,94.5807,95.4844,21426557
2021-11-12,95.4981,95.8857,94.7671,95.4787,34741854
2021-11-15,95.8001,96.2514,94.6220,95.4777,32162710
2021-11-16,95.5403,96.2879,94.6996,95.4765,45808932
2021-11-17,95.3419,96.1805,94.7508,95.4789,11591439
2021-11-18,95.4210,96.1621,95.0085,95.4827,35915594
2021-11-19,95.4526,96.2441,94.7740,95.4799,35796973
2021-11-22,95.6064,96.0878,94.9524,95.4807,48660086
2021-11-23,95.4707,95.9500,94.7647,95.4786,10280723
2021-11-24,95.5600,96.0651,94.6677,95.4921,10394117
2021-11-25,95.4007,96.0524,94.6337,95.4956,35529056
2021-11-26,95.5123,96.1955,94.9487,95.4975,16337224
2021-11-29,95.5180,96.2254,94.6348,95.4997,13144171
2021-11-30,95.8370,96.3315,94.6639,95.5005,47068030
2021-12-01,95.4052,96.1642,94.4783,95.4996,32607147
2021-12-02,95.4022,96.1275,94.4912,95.5008,17968934
2021-12-03,95.5343,96.3027,94.6890,95.5020,36000275
2021-12-06,95.4069,96.0433,94.6129,95.5012,25417983
2021-12-07,95.6258,96.1905,94.6518,95.4966,18844600
2021-12-08,95.5987,96.1902,94.5989,95.5030,27750158
2021-12-09,95.5372,95.9772,94.6381,95.5038,20399096
2021-12-10,95.3450,96.2838,94.7862,95.4989,10972127
2021-12-13,95.5847,96.2168,94.7007,95.4968,16958882
2021-12-14,95.4520,95.9029,94.9215,95.5011,15514614
2021-12-15,95.5632,96.1659,95.0289,95.5010,42708203
2021-12-16,95.6209,96.3999,94.6438,95.5023,21902083
2021-12-17,95.5580,96.2802,94.6337,95.5009,30047926
2021-12-20,95.7961,96.7330,94.8255,95.5047,40690653
2021-12-21,95.4289,96.3640,94.9727,95.5104,29016436
2021-12-22,95.7255,96.3520,95.0488,95.5143,26085799
2021-12-23,95.6499,96.3895,94.6533,95.5102,28861259
2021-12-24,95.5348,96.3505,95.0837,95.5145,12429893
2021-12-27,95.6189,96.3225,94.9350,95.5127,43166176
2021-12-28,95.4347,96.2981,94.6963,95.5171,17393555
2021-12-29,95.7271,96.2216,94.7963,95.5192,25231405
2021-12-30,95.4983,96.2978,94.8784,95.5222,33829054
2021-12-31,95.8968,96.6532,94.9675,95.5311,15039827
2022-01-03,95.2564,96.3458,94.5442,95.5315,35136636
2022-01-04,95.5312,95.9358,95.0618,95.5305,47874426
2022-01-05,95.5755,96.1581,94.6022,95.5190,16989767
2022-01-06,95.4169,96.4002,94.7756,95.5328,40328951
2022-01-07,95.2575,96.1433,94.7241,95.5373,48847280
2022-01-10,95.7535,96.1911,95.0004,95.5339,18121638
2022-01-11,95.5941,96.0218,94.9062,95.5364,44088564
2022-01-12,95.4285,95.9812,94.4802,95.5410,13700245
2022-01-13,95.4464,96.2102,94.8275,95.5440,42203503
2022-01-14,95.4439,96.3593,94.7632,95.5505,40380236
2022-01-17,95.5822,96.3819,94.9798,95.5583,39024620
2022-01-18,95.7177,96.2205,94.8819,95.5543,26875688
2022-01-19,95.7079,96.3712,95.0384,95.5545,12296730
2022-01-20,95.4699,95.9747,94.5430,95.5551,32832804
2022-01-21,95.3924,96.4786,95.0026,95.5498,26727387
2022-01-24,95.5417,96.1105,95.0950,95.5457,41578032
2022-01-25,95.6427,96.3820,94.7913,95.5533,12760860
2022-01-26,95.5655,96.3260,94.9621,95.5517,47410510
2022-01-27,95.4820,96.4648,95.0025,95.5562,34867688
2022-01-28,95.6601,96.3211,95.1711,95.5605,33307846
2022-01-31,95.3773,96.3455,94.4416,95.5639,39137326
2022-02-01,95.6806,96.1887,94.8848,95.5665,14217367
2022-02-02,95.3972,95.9791,94.7244,95.5688,42107911
2022-02-03,95.4132,96.2794,94.9821,95.5694,39000783
2022-02-04,95.6249,96.5076,94.8256,95.5780,39470780
2022-02-07,95.8698,96.8230,95.1291,95.5753,22927059
2022-02-08,95.3810,96.2212,94.9616,95.5759,24244046
2022-02-09,95.6636,96.5966,94.9090,95.5731,45768460
2022-02-10,95.6742,96.5055,94.6886,95.5778,10321045
2022-02-11,95.7051,96.3665,95.1553,95.5742,24939375
2022-02-14,95.6075,96.2451,95.0235,95.5827,26461642
2022-02-15,95.6127,96.2841,94.6552,95.5916,22897200
2022-02-16,95.5271,96.4019,94.8482,95.6001,31914134
2022-02-17,95.4743,96.0000,94.8278,95.6067,49534446
2022-02-18,95.4797,96.1982,94.7958,95.6032,27644817
2022-02-21,95.4854,96.1726,94.9157,95.6064,18507646
2022-02-22,95.4937,96.3926,94.8612,95.6117,28335682
2022-02-23,95.5623,96.5558,95.1317,95.6084,25835243
2022-02-24,95.8519,96.5574,94.7038,95.6100,15109873
2022-02-25,95.5204,96.2261,94.7093,95.6132,49102805
2022-02-28,95.7944,96.2660,94.6835,95.6168,17067328
2022-03-01,95.7244,96.3093,95.2102,95.6198,17849944
2022-03-02,95.5125,96.4077,95.0834,95.6242,49413479
2022-03-03,95.5820,96.3822,94.8512,95.6241,41411470
2022-03-04,95.6605,96.5120,94.9194,95.6329,16073708
2022-03-07,95.8021,96.2928,95.2497,95.6422,29602491
2022-03-08,95.5669,96.3950,94.9777,95.6520,44049533
2022-03-09,95.7428,96.1682,94.8676,95.6487,37695802
2022-03-10,95.6084,96.3375,94.9112,95.6461,22415957
2022-03-11,95.5814,96.3425,94.9308,95.6465,24953487
2022-03-14,95.6096,96.2582,95.0543,95.6485,48852622
2022-03-15,96.0373,96.4806,94.9501,95.6478,39354786
2022-03-16,95.5434,96.1270,94.6544,95.6573,19679109
2022-03-17,95.4741,96.1070,94.7215,95.6586,35989063
2022-03-18,95.5692,96.4718,94.9197,95.6580,12965470
2022-03-21,95.5421,96.3493,94.9493,95.6580,23989048
2022-03-22,95.6182,96.2627,95.1965,95.6681,15358292
2022-03-23,95.4735,96.4192,94.6541,95.6722,40648052
2022-03-24,95.7647,96.6712,95.0307,95.6705,40579169
2022-03-25,95.8167,96.7057,95.2346,95.6688,48247650
2022-03-28,95.4107,96.3461,94.7579,95.6688,32222535
2022-03-29,95.6254,96.3316,95.1713,95.6721,42979653
2022-03-30,95.5174,96.3826,94.9984,95.6775,25257934
2022-03-31,95.6444,96.5907,95.1204,95.6828,16997553
2022-04-01,95.6854,96.4931,95.1473,95.6865,21791735
2022-04-04,95.4164,96.3291,94.7748,95.6900,17291689
2022-04-05,95.5639,96.4979,94.6733,95.6956,36906717
2022-04-06,95.6553,96.4366,95.0317,95.7012,22612644
2022-04-07,95.6862,96.6536,94.8413,95.7088,19064763
2022-04-08,95.6195,96.1264,94.9202,95.7189,37194883
2022-04-11,96.0188,96.4375,94.8538,95.7157,33571628
2022-04-12,95.5732,96.5533,94.8090,95.7244,32813070
2022-04-13,95.6433,96.4330,94.8642,95.7406,37988420
2022-04-14,95.8781,96.3459,95.0254,95.7441,15591158
2022-04-15,95.8260,96.2429,95.3128,95.7456,36669510
2022-04-18,95.9921,96.7974,95.0418,95.7557,35006958
2022-04-19,95.8310,96.6667,95.3178,95.7551,32276243
2022-04-20,95.6025,96.2710,94.7474,95.7627,28756554
2022-04-21,95.7399,96.4128,95.0898,95.7707,39077794
2022-04-22,95.7642,96.1804,95.0793,95.7718,48327442
2022-04-25,95.8715,96.6318,95.3161,95.7786,15495717
2022-04-26,95.9745,96.4937,95.0375,95.7852,49982277
2022-04-27,95.9127,96.8001,95.0207,95.7969,20174817
2022-04-28,95.8851,96.5255,95.3230,95.8104,25074716
2022-04-29,95.8284,96.5069,95.1852,95.8257,18005535
2022-05-02,95.6967,96.2591,95.3012,95.8306,45694072
2022-05-03,95.8396,96.2935,95.2965,95.8360,40155405
2022-05-04,95.7428,96.4452,94.8310,95.8387,40429837
2022-05-05,95.9993,96.4335,94.9806,95.8437,10618390
2022-05-06,95.8192,96.2509,94.9552,95.8520,43406695
2022-05-09,95.6328,96.5375,94.7157,95.8503,19704376
2022-05-10,95.7884,96.5975,95.3717,95.8613,47458802
2022-05-11,96.1037,96.8432,95.0435,95.8707,41990965
2022-05-12,95.7513,96.7839,94.9155,95.8787,45805184
2022-05-13,96.2840,97.0862,95.4713,95.8887,23592123
2022-05-16,95.7866,96.4708,95.1632,95.8906,13255396
2022-05-17,96.0530,96.7312,94.9438,95.8964,33544805
2022-05-18,95.8964,96.5758,95.2645,95.9061,30395306
2022-05-19,95.7204,96.5663,95.1272,95.9106,23239553
2022-05-20,95.9538,96.8166,95.4952,95.9191,16636873
2022-05-23,95.8328,96.6226,95.0004,95.9272,20979450
2022-05-24,95.9228,96.5599,95.3957,95.9379,30085108
2022-05-25,95.7504,96.6285,95.3505,95.9515,45251290
2022-05-26,96.0280,96.6760,95.0565,95.9577,28968020
2022-05-27,95.8829,96.6820,95.0662,95.9577,28795578
2022-05-30,96.0258,96.5906,95.0126,95.9576,12318635
2022-05-31,96.1109,96.8839,95.2136,95.9663,25814784
2022-06-01,96.0807,96.7965,95.1849,95.9677,20313306
2022-06-02,95.7868,96.7834,95.3977,95.9756,27276786
2022-06-03,95.9414,96.4989,95.1561,95.9827,11189455
2022-06-06,96.0248,96.5032,95.1805,95.9860,44140330
2022-06-07,96.0811,96.6314,95.3886,95.9925,19832019
2022-06-08,96.1407,96.8395,95.4832,95.9938,11301873
2022-06-09,96.1293,97.0485,95.2891,96.0015,49243725
2022-06-10,95.9573,96.9377,95.2297,96.0049,16756563
2022-06-13,95.9195,96.8248,95.2608,96.0181,23267245
2022-06-14,95.9743,96.5719,95.5563,96.0260,20647160
2022-06-15,96.0045,96.7744,95.1555,96.0273,20508643
2022-06-16,95.9699,96.5542,95.5602,96.0384,19519178
2022-06-17,95.9448,96.7720,95.5291,96.0461,27465900
2022-06-20,96.4078,97.0276,95.2026,96.0477,41794237
2022-06-21,95.8601,96.6533,95.2339,96.0617,44842329
2022-06-22,96.0831,97.0116,95.2888,96.0684,42999253
2022-06-23,96.1694,96.9882,95.4710,96.0815,23153217
2022-06-24,95.9575,96.9267,95.3268,96.0914,40503397
2022-06-27,96.0571,96.5532,95.4862,96.0964,21767547
2022-06-28,95.9326,96.5576,95.5280,96.1027,16162866
2022-06-29,96.0859,97.0723,95.4918,96.1170,21347275
2022-06-30,95.9599,96.7603,95.3543,96.1328,18112356
2022-07-01,96.3433,97.1163,95.6983,96.1398,23088960
2022-07-04,96.1176,96.9922,95.5276,96.1471,18900425
2022-07-05,96.1605,96.9917,95.6274,96.1554,39037610
2022-07-06,96.3058,97.1689,95.5378,96.1699,47173865
2022-07-07,96.0256,97.0061,95.3232,96.1810,35909656
2022-07-08,96.4305,97.0994,95.6825,96.1828,28317994
2022-07-11,96.2672,96.7980,95.2748,96.1986,24959037
2022-07-12,95.9604,96.6132,95.3234,96.2077,24094663
2022-07-13,96.2268,96.6263,95.6584,96.2037,18972147
2022-07-14,96.3821,96.9810,95.2682,96.2183,37423421
2022-07-15,95.9837,97.1320,95.1480,96.2257,29820133
2022-07-18,96.1606,96.6831,95.2816,96.2398,11241456
2022-07-19,96.2199,96.8911,95.7183,96.2517,47890533
2022-07-20,96.3496,96.8441,95.3306,96.2560,22515547
2022-07-21,96.3481,96.8656,95.5659,96.2593,16770819
2022-07-22,96.5187,96.9273,95.3642,96.2677,44298509
2022-07-25,96.2892,96.7609,95.8554,96.2752,26004689
2022-07-26,96.1753,96.8725,95.7504,96.2877,25783376
2022-07-27,96.1839,96.8865,95.3780,96.2970,10600520
2022-07-28,96.4854,97.2023,95.8949,96.3070,11185786
2022-07-29,96.4921,96.9087,95.9089,96.3128,11375571
2022-08-01,96.3401,97.1691,95.6805,96.3246,29902483
2022-08-02,96.2983,96.8590,95.5029,96.3338,49937928
2022-08-03,96.4641,97.1418,95.7690,96.3459,27459079
2022-08-04,96.5782,96.9978,95.8061,96.3611,46732832
2022-08-05,96.6339,97.1773,95.4054,96.3677,12517358
2022-08-08,96.5914,97.2475,95.9916,96.3833,28859756
2022-08-09,96.4927,97.1170,95.6335,96.3942,31724405
2022-08-10,96.4249,97.1933,95.7523,96.4025,40315256
2022-08-11,96.4382,97.2274,95.7261,96.4089,14002355
2022-08-12,96.4268,97.0941,95.5056,96.4336,26972212
2022-08-15,96.5566,97.5172,95.9134,96.4478,32891889
2022-08-16,96.5872,97.1074,95.8175,96.4547,38521632
2022-08-17,96.5920,97.4023,95.5242,96.4677,20702576
2022-08-18,96.2747,96.8922,95.8865,96.4705,39352965
2022-08-19,96.5468,97.0558,96.0844,96.4751,21328299
2022-08-22,96.2931,96.9073,95.8214,96.4783,17293731
2022-08-23,96.4407,97.2367,95.8193,96.4951,40273701
2022-08-24,96.3634,96.9231,95.7269,96.5088,10516810
2022-08-25,96.5900,96.9926,95.6543,96.5236,16869834
2022-08-26,96.3259,97.0940,95.5436,96.5356,11849623
2022-08-29,96.6873,97.4042,95.6252,96.5479,43709981
2022-08-30,96.3375,97.0997,95.8923,96.5548,31265017
2022-08-31,96.3638,97.5194,95.6786,96.5686,49341501
2022-09-01,96.5315,97.4787,95.6099,96.5752,44771872
2022-09-02,96.4080,97.2929,95.5034,96.5772,21762723
2022-09-05,96.5871,97.3609,96.1037,96.5892,18556208
2022-09-06,96.7511,97.6582,96.0720,96.6035,36778030
2022-09-07,96.6073,97.2752,96.0435,96.6180,39402797
2022-09-08,96.7595,97.5419,95.6867,96.6303,21493488
2022-09-09,96.6158,97.4296,96.0666,96.6358,18333373
2022-09-12,96.4804,97.2911,95.6193,96.6435,17921180
2022-09-13,96.5807,97.5104,96.0648,96.6666,43706887
2022-09-14,96.6630,97.3348,95.8296,96.6693,16258850
2022-09-15,96.5277,97.2240,95.9041,96.6862,36237290
2022-09-16,96.6691,97.5185,96.2779,96.7068,36004196
2022-09-19,96.7804,97.2690,96.2630,96.7210,42314007
2022-09-20,96.3031,97.6788,95.4880,96.7318,33940157
2022-09-21,96.7556,97.4989,96.1244,96.7394,34691041
2022-09-22,96.9243,97.8721,95.8448,96.7508,10783129
2022-09-23,96.6668,97.2010,95.8555,96.7647,39058722
2022-09-26,96.7308,97.2132,96.0160,96.7882,10004732
2022-09-27,96.6711,97.5542,95.8630,96.7977,36770554
2022-09-28,96.7399,97.4466,96.0346,96.8039,26254857
2022-09-29,96.8595,97.6547,96.1499,96.8096,10887184
2022-09-30,96.7083,97.2084,95.7707,96.8142,32968024
2022-10-03,96.7622,97.2139,96.2627,96.8260,14901630
2022-10-04,96.6491,97.3625,95.7986,96.8445,21042655
2022-10-05,96.8897,97.3604,96.2668,96.8530,36142415
2022-10-06,96.8665,97.4498,96.2808,96.8587,14649683
2022-10-07,96.8746,97.7311,96.1265,96.8798,49755217
2022-10-10,97.1793,97.8958,96.4379,96.8902,14411895
2022-10-11,96.9449,97.3775,96.2221,96.9045,15393912
2022-10-12,96.8417,97.4926,96.1750,96.9133,43980479
2022-10-13,96.6936,97.5552,95.7749,96.9330,14733766
2022-10-14,96.9303,97.8707,96.2305,96.9451,43402538
2022-10-17,96.8506,97.5259,96.2330,96.9602,48423256
2022-10-18,96.8396,97.8106,96.4011,96.9781,33858478
2022-10-19,96.7667,97.5727,96.0964,96.9966,40579519
2022-10-20,97.1975,97.8749,96.6037,97.0042,12624148
2022-10-21,96.9609,97.9162,96.0673,97.0131,27811782
2022-10-24,96.9434,97.8978,96.4269,97.0185,14838568
2022-10-25,96.9526,97.8725,96.2487,97.0325,23722570
2022-10-26,97.1079,97.7529,96.2347,97.0497,44832294
2022-10-27,97.0605,97.9310,96.5650,97.0582,15735096
2022-10-28,97.1870,98.1429,96.2846,97.0736,37246123
2022-10-31,97.2767,98.0839,96.2624,97.0789,40180418
2022-11-01,97.0354,97.8333,96.0800,97.0919,47293447
2022-11-02,96.7983,97.6501,96.3879,97.1065,15782965
2022-11-03,97.2119,97.6058,96.4112,97.1119,19190383
2022-11-04,97.2038,97.9724,96.4980,97.1149,25000388
2022-11-07,96.9477,97.8613,96.5397,97.1274,18678973
2022-11-08,97.0885,97.8485,96.2296,97.1474,35704949
2022-11-09,97.4212,97.9522,96.4700,97.1581,26076905
2022-11-10,97.1770,97.9587,96.4940,97.1635,18685324
2022-11-11,97.1646,98.0404,96.6715,97.1748,37727131
2022-11-14,97.1022,97.9369,96.4973,97.1881,18621693
2022-11-15,97.2077,97.6472,96.3173,97.2047,18972058
2022-11-16,97.2520,98.1551,96.3678,97.2154,27915112
2022-11-17,97.0319,97.6647,96.4425,97.2325,49332133
2022-11-18,97.0849,97.7744,96.3748,97.2508,15634865
2022-11-21,96.9685,97.8537,96.4437,97.2706,18954798
2022-11-22,97.2742,97.8119,96.7266,97.2771,37602385
2022-11-23,97.0982,98.0112,96.6991,97.2869,16409187
2022-11-24,96.8580,98.0561,96.0053,97.2984,20737141
2022-11-25,97.1822,97.8000,96.6372,97.3170,19494429
2022-11-28,97.4164,97.9492,96.6587,97.3318,46668628
2022-11-29,97.1640,97.9363,96.7748,97.3478,11580019
2022-11-30,97.1123,97.9089,96.5599,97.3675,20157111
2022-12-01,97.7652,98.3037,96.4286,97.3780,38381244
2022-12-02,97.5530,98.4068,96.5735,97.3926,36276797
2022-12-05,97.3284,97.9720,96.6065,97.4005,38259641
2022-12-06,97.5147,98.0329,96.9143,97.4173,39480375
2022-12-07,97.3332,98.0001,96.8325,97.4350,33321052
2022-12-08,97.3384,98.3649,96.5655,97.4557,16700713
2022-12-09,97.7197,98.1755,96.4911,97.4616,23158203
2022-12-12,97.4724,97.9792,96.5274,97.4731,42840740
2022-12-13,97.5362,98.2492,96.9368,97.4834,15862175
2022-12-14,97.4056,97.9803,96.7125,97.5033,11516575
2022-12-15,97.6053,98.3422,96.9327,97.5201,11018913
2022-12-16,97.3785,98.2248,96.9556,97.5365,48623626
2022-12-19,97.5878,98.0536,96.5857,97.5435,25230804
2022-12-20,97.9404,98.3433,97.0030,97.5584,48389044
2022-12-21,97.6735,98.2059,96.7990,97.5692,12707984
2022-12-22,97.8796,98.5232,96.6331,97.5891,13765006
2022-12-23,97.5780,98.1071,96.7096,97.6054,35894695
2022-12-26,97.4886,98.3178,96.6688,97.6145,20897592
2022-12-27,97.5914,98.3694,96.9858,97.6256,12926328
2022-12-28,97.6876,98.3176,96.7007,97.6395,49390961
2022-12-29,97.5090,98.0710,96.8907,97.6557,46346281
2022-12-30,97.8021,98.4096,96.9743,97.6717,17503945
2023-01-02,97.5878,98.2044,96.6145,97.6864,17592039
2023-01-03,97.8742,98.2910,96.7360,97.7057,19749125
2023-01-04,97.5933,98.5080,96.7858,97.7291,11532409
2023-01-05,97.7285,98.2003,97.0530,97.7480,11628650
2023-01-06,97.5786,98.3863,97.1302,97.7717,36542284
2023-01-09,97.9104,98.5797,97.3546,97.7909,31336592
2023-01-10,97.6331,98.5084,97.0877,97.8004,40507271
2023-01-11,97.9348,98.8297,96.8829,97.8140,48727842
2023-01-12,97.7299,98.7757,96.8286,97.8351,13517903
2023-01-13,97.9517,98.5847,97.0185,97.8567,43809817
2023-01-16,97.6349,98.2931,96.8660,97.8769,33544748
2023-01-17,97.9877,98.8537,97.3076,97.8980,24134583
2023-01-18,98.0499,98.4809,97.2101,97.9164,46163717
2023-01-19,97.8459,98.9089,97.4287,97.9323,38833618
2023-01-20,97.8741,98.3661,96.9265,97.9619,13909313
2023-01-23,97.9371,98.3992,97.4605,97.9773,19927752
2023-01-24,97.8959,98.6953,96.9366,97.9976,44291679
2023-01-25,98.0178,98.9100,97.2573,98.0137,28151756
2023-01-26,97.9077,98.6895,97.4988,98.0350,37793653
2023-01-27,98.1263,99.0325,97.0847,98.0518,12426701
2023-01-30,98.0278,98.7434,97.1879,98.0686,35865425
2023-01-31,98.1802,99.0940,97.3700,98.0842,15579662
2023-02-01,98.0024,99.0668,97.5377,98.0953,40763960
2023-02-02,98.2208,98.6430,97.5113,98.1175,14783659
2023-02-03,98.0565,98.6926,97.2389,98.1399,39722115
2023-02-06,98.2443,98.8792,97.5674,98.1566,16063683
2023-02-07,98.1029,98.6702,97.7100,98.1774,27806423
2023-02-08,98.0673,99.0661,97.4378,98.1989,17574212
2023-02-09,98.2134,98.9483,97.5446,98.2205,10688304
2023-02-10,98.1526,98.8569,97.5087,98.2407,28282789
2023-02-13,98.4406,99.0374,97.7686,98.2624,22455725
2023-02-14,98.3220,99.2226,97.7884,98.2853,27590527
2023-02-15,98.2254,98.7642,97.6239,98.3060,41318440
2023-02-16,98.1004,98.7845,97.6937,98.3231,30427722
2023-02-17,98.6502,99.3324,97.6808,98.3444,49269605
2023-02-20,98.3766,98.9496,97.7207,98.3589,19066986
2023-02-21,98.5753,99.4856,97.6239,98.3770,48212122
2023-02-22,98.2333,98.9426,97.4306,98.4013,43662225
2023-02-23,98.4358,99.2189,97.9735,98.4235,18644756
2023-02-24,98.7908,99.4770,97.7885,98.4387,26627838
2023-02-27,98.2889,99.3856,97.7496,98.4639,11942880
2023-02-28,98.5162,99.0183,97.5554,98.4926,48388917
2023-03-01,98.5794,99.1377,97.9170,98.5128,31592130
2023-03-02,98.4504,99.4072,97.7307,98.5374,41078916
2023-03-03,98.5596,99.0943,97.7903,98.5680,43838083
2023-03-06,98.6446,99.5937,98.0744,98.5800,35568635
2023-03-07,98.6808,99.5982,97.7878,98.6101,31339332
2023-03-08,98.5450,99.4669,97.5946,98.6198,21403748
2023-03-09,98.5895,99.2035,97.6762,98.6354,18889285
2023-03-10,98.6559,99.1313,98.0525,98.6502,18708302
2023-03-13,98.7839,99.1911,98.1156,98.6677,18299565
2023-03-14,98.6326,99.6683,97.7817,98.6851,37129838
2023-03-15,98.7567,99.1681,98.1207,98.7031,44637985
2023-03-16,98.6832,99.5062,98.0445,98.7121,32285250
2023-03-17,98.7177,99.2876,97.8328,98.7400,34425442
2023-03-20,98.5964,99.5925,98.0304,98.7509,49990504
2023-03-21,98.8117,99.4325,98.3305,98.7673,11211475
2023-03-22,98.8878,99.7297,98.0284,98.7832,34989233
2023-03-23,98.7455,99.5756,98.0970,98.8034,43406338
2023-03-24,98.6177,99.2821,97.8881,98.8353,26537936
2023-03-27,98.8679,99.4025,98.3971,98.8606,37831425
2023-03-28,98.6578,99.8477,97.8661,98.8716,17921009
2023-03-29,98.6062,99.7549,98.1546,98.8908,43299078
2023-03-30,98.7393,99.5261,98.0179,98.9156,43312796
2023-03-31,98.8334,99.4323,98.3174,98.9259,41896418
2023-04-03,98.8287,99.8351,97.9711,98.9400,27968716
2023-04-04,99.0191,99.4279,98.5371,98.9612,41313939
2023-04-05,99.1529,99.9565,98.1450,98.9865,13306860
2023-04-06,99.0579,99.6929,98.5475,99.0084,14365181
2023-04-07,98.9356,99.6206,98.3671,99.0208,14698843
2023-04-10,99.0654,99.5726,98.3696,99.0349,10430209
2023-04-11,99.3847,100.3344,98.6240,99.0548,13276117
2023-04-12,98.8247,99.7182,98.3901,99.0637,40573049
2023-04-13,99.1377,99.6155,98.6230,99.0860,40104911
2023-04-14,98.9270,99.7637,98.3169,99.1029,38227026
2023-04-17,99.1742,99.8270,98.2873,99.1258,49328442
2023-04-18,99.1939,99.6672,98.5768,99.1403,24010129
2023-04-19,99.1821,99.7321,98.2080,99.1643,25213312
2023-04-20,99.0332,100.1114,98.4678,99.1818,35267288
2023-04-21,99.1889,99.7770,98.2593,99.2080,48988118
2023-04-24,99.0022,99.8970,98.2122,99.2289,40241692
2023-04-25,99.0354,100.2379,98.4900,99.2496,20925757
2023-04-26,99.1781,99.9824,98.5219,99.2715,11120351
2023-04-27,99.0127,99.7747,98.5302,99.2948,13742005
2023-04-28,99.2342,100.2774,98.5597,99.3081,14537399
2023-05-01,99.2802,99.8186,98.5695,99.3201,27561623
2023-05-02,99.4229,100.1300,98.8386,99.3325,13421465
2023-05-03,99.6453,100.3487,98.9495,99.3571,20385925
2023-05-04,99.3023,99.9931,98.3098,99.3744,37382910
2023-05-05,99.3692,100.1497,98.6680,99.3947,21847592
2023-05-08,99.4623,100.2626,98.8307,99.4101,15611548
2023-05-09,99.6875,100.3257,98.8261,99.4372,31590728
2023-05-10,99.3563,100.1669,98.7069,99.4575,29583373
2023-05-11,99.5067,100.3158,98.5037,99.4884,30527122
2023-05-12,99.7504,100.6818,98.8162,99.5194,14321847
2023-05-15,99.5529,100.2665,98.6486,99.5272,47778112
2023-05-16,99.6175,100.1242,98.5619,99.5388,14236975
2023-05-17,99.3950,100.2145,98.6401,99.5557,18279277
2023-05-18,99.3648,100.5761,98.9093,99.5821,39246221
2023-05-19,99.5790,100.0846,99.0950,99.5997,33915016
2023-05-22,99.8463,100.3801,98.9955,99.6139,26375302
2023-05-23,99.7021,100.6594,99.2308,99.6307,47760529
2023-05-24,99.5380,100.3502,99.0007,99.6510,49847379
2023-05-25,99.6189,100.3668,98.9327,99.6661,37369221
2023-05-26,99.5495,100.6243,98.9480,99.6806,41129223
2023-05-29,99.8087,100.2368,98.7243,99.7078,24889535
2023-05-30,99.6666,100.4877,99.2487,99.7294,19076119
2023-05-31,99.6521,100.3207,99.1218,99.7462,34953307
2023-06-01,99.9287,100.8458,98.7913,99.7625,46439741
2023-06-02,99.6071,100.5226,98.9249,99.7906,20236167
2023-06-05,99.8690,100.5049,99.0692,99.8138,10300313
2023-06-06,100.0690,100.9585,98.9132,99.8290,33886586
2023-06-07,99.6050,100.3271,98.7870,99.8461,28094305
2023-06-08,100.1550,100.6691,99.0546,99.8678,23903304
2023-06-09,99.7104,100.5833,99.1245,99.8869,36527572
2023-06-12,99.9699,100.9680,98.9597,99.9158,15107910
2023-06-13,100.0188,100.5581,99.1840,99.9324,13341054
2023-06-14,100.1236,100.5540,99.5328,99.9529,40831127
2023-06-15,99.8100,100.4959,99.1069,99.9761,47232341
2023-06-16,100.1818,100.8821,99.1988,99.9965,34719049
2023-06-19,100.1575,100.6289,99.4062,100.0170,49729224
2023-06-20,99.9539,100.4722,99.4113,100.0387,27862965
2023-06-21,100.2167,100.7325,99.1987,100.0581,38127744
2023-06-22,100.1932,100.9012,99.4968,100.0775,15615627
2023-06-23,100.1933,100.7954,99.5773,100.0860,20406035
2023-06-26,99.9425,100.9064,99.3114,100.1086,43875434
2023-06-27,99.8864,100.8525,99.3553,100.1234,36830022
2023-06-28,99.9936,100.7540,99.3136,100.1533,26618361
2023-06-29,100.0274,101.0855,99.3827,100.1739,42657566
2023-06-30,100.1658,100.8779,99.6690,100.2033,23020480
2023-07-03,100.3510,100.7573,99.6136,100.2145,12100547
2023-07-04,100.2279,101.2039,99.4409,100.2342,39197640
2023-07-05,100.1701,100.7585,99.7682,100.2468,11753007
2023-07-06,100.2117,101.1629,99.3902,100.2701,17113465
2023-07-07,100.2744,100.9110,99.8074,100.2970,43203703
2023-07-10,100.1711,100.8026,99.5802,100.3212,33250356
2023-07-11,100.2304,101.3165,99.3369,100.3389,23953770
2023-07-12,100.1613,101.0275,99.6846,100.3611,33775623
2023-07-13,100.3738,101.2512,99.5395,100.3855,34970015
2023-07-14,100.1186,101.3474,99.3465,100.3977,44158724
2023-07-17,100.2495,100.8985,99.4549,100.4219,41342943
2023-07-18,100.5255,101.3808,99.8412,100.4426,41623634
2023-07-19,100.3438,101.4565,99.6235,100.4605,28056922
2023-07-20,100.6847,101.5875,99.8464,100.4776,46916580
2023-07-21,100.4713,101.2308,100.0447,100.5014,32763445
2023-07-24,100.4358,101.2434,99.7294,100.5163,11780901
2023-07-25,100.2016,101.4067,99.7828,100.5364,39121913
2023-07-26,100.5384,101.5532,100.1104,100.5514,30225829
2023-07-27,100.5710,101.3713,100.0742,100.5679,49167311
2023-07-28,100.6325,101.4813,99.7061,100.5916,40913715
2023-07-31,100.6715,101.4103,99.8196,100.6118,39206269
2023-08-01,100.5587,101.2158,99.5657,100.6294,35356374
2023-08-02,100.6532,101.4016,100.1743,100.6447,22605985
2023-08-03,100.7357,101.1824,100.0873,100.6573,39858680
2023-08-04,100.7048,101.1478,99.9584,100.6763,31834217
2023-08-07,100.6424,101.3011,100.0346,100.6994,23870875
2023-08-08,100.6820,101.3100,99.9992,100.7153,48505105
2023-08-09,100.6336,101.3414,100.0635,100.7349,44853612
2023-08-10,100.8301,101.6237,100.0677,100.7511,23329166
2023-08-11,100.5699,101.6807,99.9180,100.7663,30100208
2023-08-14,100.7427,101.7042,99.8626,100.7899,22107016
2023-08-15,100.8339,101.5615,100.0890,100.8056,15254185
2023-08-16,101.1492,101.8232,100.4093,100.8294,40309213
2023-08-17,101.1009,101.8466,100.1769,100.8559,45610709
2023-08-18,100.7397,101.7736,99.8224,100.8682,35446813
2023-08-21,101.0846,101.8391,100.2563,100.8906,32201246
2023-08-22,100.8639,101.8247,100.2795,100.9136,48793948
2023-08-23,100.8142,101.3547,99.8567,100.9343,32953071
2023-08-24,100.9926,101.5087,100.3617,100.9529,33884581
2023-08-25,100.9328,101.5358,100.1622,100.9701,37630936
2023-08-28,100.9136,101.8356,99.9914,100.9908,41001426
2023-08-29,101.0137,101.7568,100.5670,101.0121,44910086
2023-08-30,101.1419,101.7622,100.5216,101.0281,18558007
2023-08-31,101.3412,101.8325,100.5627,101.0397,40563152
2023-09-01,100.7965,101.8455,99.9767,101.0463,15097319
2023-09-04,101.0709,101.5257,100.5029,101.0626,12916390
2023-09-05,100.9385,101.6785,99.9789,101.0872,38445522
2023-09-06,101.1290,102.0293,100.7007,101.1137,16205040
2023-09-07,100.9495,102.0006,100.2166,101.1327,46557091
2023-09-08,101.0540,101.9759,100.0763,101.1475,25483133
2023-09-11,101.2075,101.8279,100.7690,101.1739,41256846
2023-09-12,101.3113,101.8231,100.7875,101.1995,47308042
2023-09-13,101.1132,102.0678,100.1567,101.2193,41278442
2023-09-14,100.9791,101.8519,100.0553,101.2315,32434567
2023-09-15,101.2308,102.1936,100.6181,101.2502,31506102
2023-09-18,101.2665,101.9899,100.6411,101.2651,31897218
2023-09-19,101.2899,101.7511,100.7736,101.2864,23186736
2023-09-20,101.3729,101.8839,100.3478,101.3007,13134231
2023-09-21,101.2733,102.2908,100.8589,101.3198,34470347
2023-09-22,101.3214,101.9516,100.9131,101.3341,20836967
2023-09-25,101.1885,101.8883,100.7238,101.3557,35322818
2023-09-26,101.2229,102.2355,100.5401,101.3778,16410821
2023-09-27,101.3960,102.1420,100.4537,101.3913,19310665
2023-09-28,101.2271,101.9589,100.3541,101.4096,49086831
2023-09-29,101.5414,102.3371,100.8256,101.4316,17282797
2023-10-02,101.3319,101.9542,100.7778,101.4518,22762990
2023-10-03,101.6805,102.3465,100.6413,101.4704,20220811
2023-10-04,101.4941,102.0598,100.8970,101.4904,25640916
2023-10-05,101.5494,102.2352,100.8514,101.5102,25769477
2023-10-06,101.5996,102.5710,101.0181,101.5322,23172776
2023-10-09,101.3568,102.4168,100.7631,101.5495,21343218
2023-10-10,101.6774,102.4501,100.9353,101.5664,16318864
2023-10-11,101.4748,102.2364,100.7883,101.5857,29921392
2023-10-12,101.6967,102.5335,100.6129,101.6032,40382150
2023-10-13,101.5218,102.3221,100.9895,101.6215,49130682
2023-10-16,101.8562,102.4419,101.1802,101.6423,16784349
2023-10-17,101.7202,102.4252,101.0756,101.6668,33956214
2023-10-18,101.6553,102.2589,101.1597,101.6886,45680503
2023-10-19,101.4745,102.5145,100.8406,101.7103,49325369
2023-10-20,101.7563,102.2684,100.7522,101.7356,21128316
2023-10-23,101.4626,102.4911,100.5056,101.7608,23953997
2023-10-24,101.5306,102.2345,100.7205,101.7786,16223379
2023-10-25,101.7887,102.7410,101.2776,101.8084,26194386
2023-10-26,101.7958,102.6686,100.8961,101.8265,48621470
2023-10-27,101.7435,102.7587,101.0337,101.8410,38050454
2023-10-30,101.8665,102.3042,100.9145,101.8539,11141770
2023-10-31,101.7736,102.4589,101.2804,101.8778,14722459
2023-11-01,101.9140,102.5944,101.4411,101.8983,16895902
2023-11-02,101.9733,102.7109,101.4987,101.9217,30237833
2023-11-03,101.8329,102.8326,101.4108,101.9489,36683523
2023-11-06,102.1824,103.0496,101.0259,101.9736,21553054
2023-11-07,101.9781,102.4119,101.0439,101.9981,35201079
2023-11-08,102.2047,102.6768,101.4478,102.0120,28599351
2023-11-09,102.0143,103.0329,101.4395,102.0350,26227810
2023-11-10,101.9152,102.9962,101.1350,102.0508,30598768
2023-11-13,101.7850,102.6122,101.3575,102.0730,46966432
2023-11-14,102.3500,103.2257,101.2919,102.1020,18618305
2023-11-15,101.8914,102.7222,101.4764,102.1243,17427446
2023-11-16,102.0409,103.1081,101.5046,102.1559,29329774
2023-11-17,102.0970,102.9490,101.5553,102.1706,12062043
2023-11-20,102.2591,103.0539,101.3686,102.1939,45863656
2023-11-21,102.3914,103.0098,101.7256,102.2071,43386317
2023-11-22,102.3944,103.0518,101.3902,102.2276,27225441
2023-11-23,102.2223,103.1184,101.4074,102.2523,28956188
2023-11-24,102.4428,102.8868,101.4593,102.2727,32429156
2023-11-27,102.1555,102.7757,101.2620,102.2924,13550796
2023-11-28,102.1372,103.0039,101.2856,102.3123,10141328
2023-11-29,102.5744,103.3078,101.3170,102.3265,13004151
2023-11-30,102.2416,102.9536,101.6257,102.3471,14738993
2023-12-01,102.5003,102.9111,101.4772,102.3719,24348954
2023-12-04,102.5333,102.9584,101.7801,102.3950,23307851
2023-12-05,102.3139,103.3822,101.3184,102.4158,32968614
2023-12-06,102.3963,103.2097,101.9484,102.4406,28309019
2023-12-07,102.4843,102.9133,101.7669,102.4616,32553176
2023-12-08,102.4092,103.3812,101.5293,102.4807,49651318
2023-12-11,102.3809,103.4386,101.6394,102.4991,11049967
2023-12-12,102.6871,103.3502,101.6189,102.5245,19135240
2023-12-13,102.9624,103.5099,102.0098,102.5414,27475838
2023-12-14,102.4143,103.4149,101.4554,102.5657,12512148
2023-12-15,102.5837,103.3308,101.8345,102.5803,35298739
2023-12-18,102.4803,103.1700,101.4577,102.5999,29479947
2023-12-19,102.7414,103.4457,101.6173,102.6151,38493245
2023-12-20,102.5762,103.0618,101.7119,102.6330,46227735
2023-12-21,102.7768,103.2376,102.0458,102.6502,49080539
2023-12-22,102.6642,103.6450,101.6886,102.6687,25284399
2023-12-25,102.6421,103.5454,102.0900,102.6870,42672027
2023-12-26,102.8698,103.4833,101.8522,102.7057,16463214
2023-12-27,102.8401,103.4586,101.7672,102.7297,43802854
2023-12-28,102.8584,103.7672,101.9984,102.7483,44878078
2023-12-29,102.7880,103.6314,101.8564,102.7777,14826133
